salario_hora,no_ambos_padres_bio,educacion,edad,afqt_score,mujer,hispano,negro
6.7800000000000002,0,12,51,12,1,0,0
43.409999999999997,0,16,49,99,0,0,0
14.35,1,12,45,33,0,0,0
20.190000000000001,0,14,51,43,1,0,0
21.149999999999999,1,14,46,55,0,0,0
40.590000000000003,0,19,46,88,1,0,0
,0,16,45,83,0,0,0
28.629999999999999,0,13,51,63,1,0,0
27.02,1,13,53,84,0,0,0
,0,12,51,,1,0,0
78.340000000000003,0,16,48,94,1,0,0
21.969999999999999,0,16,47,84,1,0,0
26.260000000000002,0,14,50,60,1,0,0
60.890000000000001,1,16,47,96,0,0,0
20,0,16,49,85,1,0,0
,0,13,46,93,1,0,0
25,0,12,49,18,1,0,0
,0,12,51,14,1,0,0
15.289999999999999,1,12,46,,0,1,0
3.2000000000000002,0,18,52,,1,1,0
,0,12,48,,0,1,0
,0,13,51,15,0,0,0
20,1,12,47,,0,0,0
24.170000000000002,0,12,51,60,1,0,0
46.869999999999997,0,12,47,17,1,0,0
23.07,1,12,50,35,0,0,0
20,1,14,50,38,0,0,0
45.450000000000003,1,15,47,45,0,0,0
23.07,0,12,46,20,0,0,0
,1,12,48,9,1,0,0
15,0,12,48,42,1,0,0
30.359999999999999,0,12,51,78,0,0,0
,0,14,51,81,1,0,0
27.190000000000001,1,12,51,87,1,0,0
8.5199999999999996,0,12,46,38,0,1,0
20,0,10,52,,0,0,0
23.460000000000001,0,12,51,38,1,0,0
33.539999999999999,0,17,53,96,1,0,0
20.690000000000001,0,12,50,96,0,0,0
,0,14,47,99,1,0,0
22.109999999999999,0,13,45,30,1,0,0
49.049999999999997,0,16,49,95,0,0,0
,0,14,46,14,0,0,0
240.38,0,18,52,99,0,0,0
,0,16,47,99,1,0,0
56.409999999999997,0,18,45,72,0,0,0
30,0,18,49,,0,0,0
,0,19,47,99,0,0,0
18.949999999999999,0,16,50,91,1,0,0
32.049999999999997,1,18,46,64,0,0,0
38.460000000000001,0,16,47,65,1,0,0
28.84,0,14,45,27,0,0,0
34.18,0,16,45,60,1,0,0
10.550000000000001,0,17,46,60,0,0,0
,0,10,49,4,0,0,1
,0,12,46,13,0,0,1
,0,11,50,1,0,0,1
12.369999999999999,0,9,49,1,1,0,1
16,0,12,47,2,0,0,1
14.4,1,16,52,88,0,0,1
54.32,0,16,51,74,0,0,0
16,0,16,46,19,1,0,0
14.9,1,12,47,33,1,0,0
40.859999999999999,0,12,45,15,0,0,0
21.149999999999999,0,10,53,,0,0,0
22.109999999999999,0,12,49,27,1,0,0
25.719999999999999,0,12,48,36,1,0,0
25.77,0,14,51,60,1,0,0
,0,13,52,72,1,0,0
13.460000000000001,0,14,52,,1,0,0
39.420000000000002,1,12,46,35,1,0,0
35.890000000000001,0,20,51,74,0,0,0
30,0,16,46,40,1,0,0
22.350000000000001,1,12,51,93,1,0,0
53.5,0,16,49,98,0,0,0
23.350000000000001,0,16,48,67,0,0,0
24.030000000000001,0,20,51,99,0,0,0
46.149999999999999,0,13,52,75,0,0,0
19.5,0,12,50,33,1,0,0
,0,12,46,28,1,0,0
16,0,15,50,92,0,0,0
,0,16,52,27,0,0,0
20.510000000000002,0,16,48,98,0,0,0
22.02,0,17,45,81,1,0,0
5.2599999999999998,0,12,48,63,0,0,0
,0,15,48,29,1,0,0
13.31,0,14,51,72,0,0,0
38.119999999999997,0,12,51,89,1,0,0
36.850000000000001,0,16,49,73,0,0,0
21.809999999999999,0,12,49,46,0,0,0
37,0,16,46,32,0,0,0
,0,12,52,13,1,0,0
76.920000000000002,0,16,48,89,1,0,0
4.7999999999999998,0,16,47,79,1,0,0
,0,15,47,69,0,0,0
1.47,0,17,51,65,1,0,0
29.25,0,18,47,71,1,0,0
30,0,12,50,,0,0,0
35.799999999999997,0,15,49,66,1,0,0
9.0500000000000007,1,12,46,28,1,0,0
8.5,0,12,47,51,0,0,0
40.380000000000003,0,12,46,74,0,0,0
16.27,0,14,48,32,1,0,0
17.219999999999999,1,12,46,64,0,0,0
38.299999999999997,1,12,46,30,1,0,0
,1,12,50,42,0,0,0
45.729999999999997,0,12,48,94,1,0,0
,1,12,46,,1,0,0
4.1900000000000004,0,9,46,34,0,0,0
,1,11,50,7,0,0,0
28.84,0,19,47,47,1,0,0
35,0,14,49,85,1,0,0
25.010000000000002,0,12,48,29,1,0,0
17.940000000000001,0,12,49,50,1,0,0
18.75,1,16,49,16,0,0,1
3.77,1,14,47,17,1,0,1
47.049999999999997,0,16,48,85,0,0,0
,1,9,52,1,1,0,0
30.210000000000001,1,13,49,48,1,1,0
13,0,14,52,,1,0,0
41.659999999999997,0,12,50,49,0,0,0
40.859999999999999,0,16,51,91,0,0,0
14,0,12,51,43,1,0,0
28.84,0,12,52,,0,0,0
,1,13,46,,0,0,0
16.34,0,12,51,48,1,0,0
15.369999999999999,0,16,49,60,1,0,0
30,0,12,46,35,0,0,0
44.229999999999997,0,18,50,87,1,0,0
8.5999999999999996,0,10,50,18,1,0,0
62.5,0,16,51,55,0,0,0
45.009999999999998,0,18,48,59,1,0,0
41.950000000000003,0,19,46,74,0,0,0
32,0,16,46,65,1,0,0
63.939999999999998,0,16,52,54,0,0,0
4.7999999999999998,0,18,50,94,0,0,0
48.950000000000003,0,18,46,63,0,0,0
25,0,12,51,25,0,0,0
15.550000000000001,0,12,51,25,1,0,0
16.02,0,16,52,98,0,0,0
9,0,14,49,73,0,0,0
10.98,1,12,53,22,1,1,0
3.8399999999999999,0,12,53,6,1,1,0
14.1,1,12,46,15,0,0,0
,0,16,47,50,0,0,0
,0,16,45,59,1,0,0
48.07,0,12,48,54,0,0,0
48.07,0,15,45,52,0,0,0
10,0,16,49,,1,0,0
125.41,0,16,52,84,0,0,0
49.57,0,20,50,65,1,0,0
63.140000000000001,0,20,49,89,1,0,0
12.5,1,12,45,1,1,0,1
,1,9,48,1,0,0,1
27,1,12,47,3,0,0,1
7.4199999999999999,1,12,49,14,1,0,1
12.66,1,12,52,7,1,0,1
3.5,0,9,52,4,1,1,0
3.73,0,12,47,40,1,0,0
32.770000000000003,0,15,45,28,0,0,0
23.07,0,12,52,42,1,0,0
19.23,0,14,48,51,0,0,0
20.25,0,12,45,19,0,0,0
20.600000000000001,0,12,48,31,0,0,0
16.25,0,15,46,52,0,0,0
21.359999999999999,0,13,48,69,1,0,0
,1,12,52,74,1,0,0
9.5899999999999999,0,10,48,7,1,0,0
17.25,0,12,47,46,1,0,0
36.049999999999997,0,12,51,32,1,0,0
45.189999999999998,0,12,51,71,0,0,0
10,0,12,52,80,1,0,0
19.829999999999998,0,14,47,89,1,0,0
42.920000000000002,1,20,51,63,0,0,0
11,1,14,49,12,0,0,0
8.75,1,17,46,46,1,0,0
,0,12,51,,1,0,0
,1,12,47,,0,0,0
8.9700000000000006,1,12,45,,1,0,0
12.85,1,11,45,17,0,0,0
15.9,0,12,48,98,1,0,0
7.4000000000000004,0,12,47,52,1,0,0
,0,13,48,48,1,0,0
10.93,0,12,45,49,0,0,0
,0,14,51,98,1,0,0
12.75,0,12,51,66,0,0,0
30.280000000000001,0,15,49,89,0,0,0
45.670000000000002,0,16,46,75,0,0,0
15,1,16,47,93,1,0,0
,0,12,52,14,0,0,0
,0,14,51,58,0,0,0
117.52,0,16,50,74,0,0,0
,1,16,53,95,1,0,0
18.66,1,15,50,76,0,0,0
8.5,1,13,49,87,0,0,0
27.390000000000001,1,14,46,53,1,0,0
13.460000000000001,0,12,50,31,0,0,0
8.5,0,13,50,48,1,0,0
,0,12,47,46,0,0,0
46.07,0,18,48,83,0,0,0
14.42,0,16,46,77,1,0,0
35.57,0,12,51,26,0,1,0
36.049999999999997,0,12,50,42,0,1,0
19.629999999999999,0,12,48,18,1,1,0
31.199999999999999,0,16,45,43,1,1,0
15.66,0,12,51,42,1,0,0
12,0,12,48,19,1,0,0
9.0600000000000005,0,12,47,24,1,0,0
9.25,0,10,49,8,1,1,0
7.2800000000000002,1,12,50,35,0,0,1
21.809999999999999,0,18,52,96,1,0,0
20.43,0,13,50,87,1,0,0
15.85,0,12,48,44,1,0,0
21,1,12,47,25,0,0,0
7.21,0,12,52,72,1,0,0
,1,11,47,12,0,1,0
19.710000000000001,1,12,48,23,0,1,0
14,1,12,49,5,0,1,0
16.030000000000001,0,12,46,6,0,1,0
9,1,11,45,3,0,1,0
12.449999999999999,1,12,47,38,1,1,0
14.41,1,14,50,34,0,0,1
9,0,12,52,65,1,0,0
11,0,12,48,14,0,0,0
14.42,0,12,49,21,0,0,0
24.030000000000001,0,12,45,13,0,0,0
30.32,0,14,48,42,1,0,0
18.899999999999999,0,11,46,29,0,0,0
10,0,12,45,16,0,0,0
17.34,0,16,50,83,0,0,0
61.530000000000001,0,18,52,65,1,0,0
38.460000000000001,0,12,49,64,0,0,0
17.52,0,16,52,42,1,0,0
57.689999999999998,0,12,51,54,0,0,0
36.539999999999999,0,9,47,9,0,0,0
,1,12,46,27,0,1,0
37.170000000000002,1,12,52,54,1,0,1
11.65,0,15,52,52,1,0,1
1.53,1,12,47,19,0,0,1
10,0,12,52,1,0,0,1
,1,12,50,14,1,0,1
13,1,11,49,8,1,0,1
,1,12,46,18,1,0,1
48.07,0,18,47,91,0,0,0
11,1,13,51,1,1,0,1
19.5,0,16,50,89,1,0,0
57.689999999999998,0,16,48,49,0,0,0
41.619999999999997,0,12,53,55,0,0,0
6.0499999999999998,0,17,47,38,0,0,0
20.899999999999999,0,12,50,26,0,0,0
,0,12,48,60,1,0,0
7.6900000000000004,0,12,52,78,1,0,0
65.379999999999995,1,13,45,41,0,0,0
26,0,11,47,52,0,0,0
38.060000000000002,0,16,51,66,0,0,0
67.780000000000001,0,16,48,34,0,0,0
19.23,0,19,48,80,1,0,0
13.18,0,12,52,16,0,0,0
1.28,0,12,48,32,1,0,0
32.049999999999997,0,16,51,87,0,0,0
9.3399999999999999,0,14,48,59,1,0,0
29.800000000000001,0,16,50,81,1,0,0
28.649999999999999,0,17,51,79,1,0,1
23.07,0,16,51,95,1,0,0
15.380000000000001,0,16,50,89,1,0,0
,0,18,48,77,0,0,0
11.369999999999999,0,12,51,17,1,0,0
11,0,12,49,11,0,0,0
33.649999999999999,0,20,49,89,0,0,0
,1,12,51,32,0,0,1
14.529999999999999,1,10,49,30,0,0,1
,1,8,46,1,1,0,1
12,0,11,52,8,0,0,1
56.079999999999998,0,12,52,68,0,0,1
,1,13,51,5,1,0,1
21.760000000000002,0,12,49,28,1,0,1
30.710000000000001,0,12,48,55,1,0,1
,0,12,46,1,0,0,1
31,0,15,47,73,1,0,1
18.98,1,12,46,16,1,0,1
21.5,0,12,50,88,0,0,0
26.920000000000002,0,13,47,67,0,0,0
,1,11,49,5,0,0,1
10.25,1,14,47,26,1,0,1
,1,12,46,17,0,0,1
,1,9,50,4,1,0,1
,1,10,52,34,0,0,1
29.050000000000001,0,18,52,78,1,0,0
30,0,16,48,99,1,0,0
10.19,1,12,49,25,1,0,0
10.5,0,12,52,28,1,0,0
,0,7,53,4,0,0,0
15,0,13,50,24,1,0,0
10.5,1,14,46,34,0,0,0
34.18,0,18,46,49,1,0,0
36.25,0,12,48,89,0,0,0
67.829999999999998,0,16,52,82,0,0,0
13.75,1,12,49,68,0,0,0
,0,12,47,12,0,0,0
21.629999999999999,0,14,45,59,0,0,0
11,1,14,45,65,1,0,0
30,0,10,47,14,0,0,0
,0,19,52,73,1,0,0
24.030000000000001,0,12,49,49,0,0,0
12.25,0,13,45,59,1,0,0
16.5,1,12,46,63,0,0,0
12.09,1,16,45,49,0,0,0
49.450000000000003,0,20,53,99,0,0,0
24.030000000000001,0,19,51,99,0,0,0
115.38,0,20,49,,1,0,0
15.23,0,12,52,52,1,0,0
33.649999999999999,0,12,52,44,0,1,0
12.210000000000001,0,12,53,,1,0,0
,0,12,48,,0,0,0
14.470000000000001,0,14,49,75,1,0,0
12.35,0,12,49,3,0,0,0
19,0,12,46,50,0,0,0
8.3699999999999992,0,12,46,65,1,0,0
12.56,1,12,52,63,1,0,0
13.65,1,13,47,69,1,0,0
37.5,0,16,48,81,1,0,0
9.1300000000000008,0,13,52,43,1,0,0
22.43,0,14,48,89,0,0,0
17.18,0,16,48,62,1,0,0
16.48,0,16,45,69,0,0,0
16,0,12,49,68,1,0,0
18.170000000000002,1,18,45,37,1,0,0
40.060000000000002,1,20,50,87,1,0,0
25.640000000000001,0,20,51,52,0,0,0
23.84,0,16,49,64,0,0,0
33.920000000000002,0,18,48,93,1,0,0
19.949999999999999,0,20,46,78,1,0,0
14.08,0,13,48,38,1,0,0
37.780000000000001,0,16,48,90,0,0,0
24.27,0,18,49,93,1,0,0
25,0,14,50,85,0,0,0
11.93,0,12,46,77,1,0,0
13.49,0,16,52,,0,0,0
16,0,16,49,96,1,0,0
65.469999999999999,0,16,51,98,0,0,0
8.4000000000000004,0,12,45,22,0,1,0
10.85,1,12,47,9,0,0,0
,0,12,50,38,1,0,0
11.75,1,11,47,28,1,0,0
12.25,1,12,50,,0,0,0
16.149999999999999,1,12,49,26,1,0,0
11.25,1,12,45,18,1,0,0
9.1500000000000004,0,12,45,,1,0,0
0.64000000000000001,0,12,46,15,0,0,0
,0,12,50,54,1,0,0
33.119999999999997,0,16,46,59,0,0,0
25.960000000000001,0,18,52,56,0,0,0
58.630000000000003,0,19,52,98,0,0,0
52.299999999999997,0,19,50,83,0,0,0
38.07,0,12,53,74,0,0,0
9.6099999999999994,0,12,48,17,0,0,0
12.710000000000001,0,12,47,19,1,0,0
48.07,0,12,46,30,0,0,0
23.07,0,14,49,53,1,0,0
30,0,12,46,35,0,0,0
32.049999999999997,0,14,49,72,0,0,0
20.870000000000001,0,12,50,16,1,0,0
12,0,12,48,52,1,0,0
11.529999999999999,0,13,45,49,0,0,0
31.66,0,16,49,74,1,0,0
24.079999999999998,0,17,47,94,1,0,0
34.880000000000003,0,12,52,,0,0,0
20.530000000000001,0,14,48,38,1,0,0
29.800000000000001,0,15,46,63,1,0,0
25.18,0,19,46,69,1,0,0
41.530000000000001,0,12,49,78,0,0,0
5.7599999999999998,0,12,48,40,1,0,0
,0,9,46,11,1,0,0
,0,12,50,38,0,0,0
18.75,0,16,49,43,1,0,0
,1,14,48,60,1,0,0
26.300000000000001,1,14,48,43,0,0,1
,1,12,46,9,1,0,1
8,1,12,48,4,0,0,1
7.5,1,12,47,8,0,0,1
,1,12,46,5,0,0,1
7.5999999999999996,1,11,46,2,1,0,1
24.390000000000001,0,16,51,22,0,0,1
25.210000000000001,0,17,50,28,0,0,1
15,0,13,48,7,1,0,1
30,0,15,47,15,0,0,1
31.620000000000001,0,13,52,82,1,0,0
29.600000000000001,1,12,46,27,1,0,0
,1,9,52,12,1,0,0
,0,9,53,10,0,0,0
5.2000000000000002,0,15,50,55,1,0,0
25.699999999999999,0,12,46,4,0,0,0
10.69,0,12,46,27,0,0,0
,0,10,49,2,1,0,0
,0,12,47,2,0,0,0
,0,12,51,24,0,0,0
28.550000000000001,1,12,47,25,0,0,0
18.18,1,12,47,18,0,0,0
,0,12,48,,1,0,0
17.140000000000001,0,12,50,23,0,0,0
17.329999999999998,0,12,49,30,1,0,0
,0,10,45,22,1,0,0
32.049999999999997,0,11,52,38,0,0,0
15,0,12,47,63,1,0,0
41,0,12,48,42,0,0,0
12.5,0,12,51,79,1,0,0
,0,16,49,81,1,0,0
14,0,16,48,99,0,0,0
56.25,1,19,46,72,0,0,0
,0,12,49,,0,0,0
11.33,0,17,50,99,1,0,0
15.49,0,20,47,79,1,0,0
44.439999999999998,0,16,49,94,0,0,0
16.66,0,14,50,57,0,0,0
26.039999999999999,0,20,50,73,1,0,0
31.25,0,20,47,63,0,0,0
10.75,0,14,51,39,0,0,0
34.609999999999999,0,13,49,44,0,0,0
,0,14,46,43,1,0,0
20.670000000000002,0,12,48,54,1,0,0
34.609999999999999,0,16,46,99,0,0,0
35,1,13,45,58,0,0,0
12.470000000000001,0,17,48,67,0,0,0
5.7599999999999998,0,18,48,94,1,0,0
,0,17,51,93,1,0,0
27.879999999999999,0,18,49,99,0,0,0
12,0,13,47,75,1,0,0
18.34,1,13,52,81,0,0,0
,0,9,46,24,1,0,0
,0,1,47,,1,0,0
19.260000000000002,1,13,48,,1,0,0
20,0,14,46,73,1,1,0
8,1,14,53,27,1,1,0
14,1,12,46,43,0,0,1
0.16,0,11,47,4,0,0,1
18.75,0,16,48,60,0,0,0
37,0,15,47,60,1,0,0
20,0,12,46,36,0,0,0
26.149999999999999,0,13,45,50,0,0,0
23.07,0,12,51,87,0,0,0
14.9,0,16,49,87,1,0,0
19.850000000000001,0,16,48,40,1,0,0
32.649999999999999,0,20,50,71,1,0,0
24.66,1,12,47,25,0,0,0
35.640000000000001,1,19,52,25,1,1,0
,0,11,49,14,1,0,0
11.390000000000001,0,12,52,48,1,0,0
16.66,0,12,52,2,0,0,1
11.5,0,12,49,1,1,0,1
15.18,1,15,45,37,1,0,1
,1,14,48,17,1,0,1
21.149999999999999,1,17,47,22,0,0,1
,0,12,51,38,1,0,0
,0,12,52,95,1,0,0
9.5999999999999996,1,12,45,3,0,0,1
20.190000000000001,1,8,48,8,0,0,0
9.6799999999999997,1,12,46,6,0,0,0
11.449999999999999,1,11,51,23,0,0,0
15.539999999999999,0,12,49,7,1,0,0
,0,12,52,79,0,0,0
,0,12,50,55,1,0,0
,0,12,52,66,1,0,0
14.949999999999999,0,12,48,30,1,0,0
,0,13,45,35,0,0,0
37.5,0,16,48,58,0,0,0
16,0,12,46,46,0,0,0
19.510000000000002,0,12,46,69,1,0,0
,0,12,48,12,0,0,0
,0,12,47,32,1,0,0
82.890000000000001,0,16,48,85,0,0,0
7,0,12,47,2,1,0,0
25.25,0,12,49,49,0,0,0
11,0,13,46,41,1,0,0
51.280000000000001,0,17,52,93,0,0,0
27.350000000000001,0,16,49,83,1,0,0
36.049999999999997,1,18,50,94,0,0,0
9,0,14,45,75,1,0,0
,0,16,49,49,1,0,0
5.2300000000000004,0,18,47,89,1,0,0
,0,20,46,71,1,0,0
18,0,12,52,,0,0,0
36.049999999999997,0,14,51,46,0,0,0
10.75,0,12,47,51,1,0,0
21.420000000000002,0,17,49,57,1,0,0
12,0,17,45,49,1,0,0
7.25,0,12,50,4,0,0,0
26.920000000000002,0,14,45,64,0,0,0
,0,14,45,13,1,0,0
15.630000000000001,0,12,49,74,0,0,0
,0,16,48,86,1,0,0
7.3700000000000001,1,16,47,77,0,0,1
,1,18,46,50,0,0,1
,0,12,49,,0,0,1
,0,12,48,4,0,0,1
,0,11,47,2,0,0,1
8.25,0,12,46,6,0,0,1
14,1,12,47,31,1,0,1
20,0,12,52,7,0,0,1
,1,12,48,2,0,0,1
,1,12,46,27,1,0,1
19.57,1,18,49,32,1,0,1
37.979999999999997,0,12,50,22,0,0,0
,0,12,47,27,0,0,0
26.920000000000002,0,18,46,76,0,0,0
20,0,12,49,80,0,0,0
16.77,1,14,47,39,1,0,0
13.050000000000001,1,13,45,27,1,0,0
17.920000000000002,0,12,47,62,0,0,0
17.75,0,13,47,34,1,0,0
,0,12,52,18,0,0,0
9.3200000000000003,0,10,50,5,1,0,0
7.4000000000000004,1,16,52,26,1,0,0
10.75,0,9,50,9,0,0,0
,0,12,49,22,0,0,0
,0,13,47,51,1,0,0
,0,13,51,46,1,0,0
7.1399999999999997,0,13,52,22,1,0,0
,1,12,50,10,1,0,0
7.2699999999999996,1,12,49,28,0,0,0
18,1,12,49,35,0,0,0
24,0,13,50,93,1,0,0
5.7599999999999998,0,11,45,17,0,0,0
10,0,11,50,20,0,0,0
,0,12,49,20,0,0,0
16.920000000000002,0,12,47,23,0,0,0
17.25,0,12,51,8,0,0,0
11.25,0,12,49,33,1,0,0
12.300000000000001,0,13,47,18,1,0,0
17.399999999999999,1,11,51,53,0,0,0
12,0,12,48,29,1,0,0
0.98999999999999999,0,15,48,71,1,0,0
31.460000000000001,0,20,46,96,0,0,0
17.010000000000002,1,12,45,11,0,0,0
174.81999999999999,0,13,50,81,0,0,0
32.299999999999997,0,15,49,73,0,0,0
2.7400000000000002,0,12,52,70,0,0,0
33.380000000000003,0,12,50,57,0,0,0
,0,13,46,34,1,0,0
14,1,12,48,22,0,0,0
,0,12,47,25,1,0,0
26.780000000000001,1,12,47,20,0,0,0
,0,12,52,30,1,0,0
79.319999999999993,0,14,47,94,1,0,0
51.280000000000001,0,17,51,73,0,0,0
19.23,0,18,50,83,1,0,0
13.75,1,14,50,3,1,0,1
21.25,0,12,52,34,1,0,1
23.789999999999999,0,13,48,71,1,0,0
25,0,12,47,50,0,0,0
18.309999999999999,0,13,49,28,1,0,0
31.25,0,16,46,16,0,0,0
44.07,1,19,52,91,1,0,0
27,1,12,50,26,0,0,1
19,0,12,48,62,1,1,0
15.380000000000001,0,12,46,16,1,1,0
31.25,1,16,48,25,1,0,1
10.4,0,12,50,9,1,0,1
,0,13,49,12,1,0,1
10.5,0,15,50,52,1,0,0
33.170000000000002,0,12,49,41,0,1,0
11.130000000000001,0,12,47,32,0,1,0
,0,14,46,25,1,1,0
8.9100000000000001,1,12,47,75,1,0,0
8.75,0,12,49,40,0,0,0
14,0,12,48,24,1,0,0
25,0,12,50,54,0,0,0
15.5,0,14,50,42,0,0,0
10,0,16,51,62,1,0,0
46.149999999999999,0,17,48,96,0,0,0
33.840000000000003,0,16,47,75,0,0,0
30.760000000000002,0,17,45,59,0,0,0
9.3000000000000007,1,14,45,38,1,0,0
12.82,0,13,45,32,0,1,0
,1,12,50,46,1,0,0
,1,12,45,21,1,0,0
22.75,0,12,47,62,0,0,0
16.48,1,16,49,22,1,0,0
4.7999999999999998,0,16,52,81,0,0,0
33.649999999999999,0,16,49,95,0,0,0
48.07,0,12,48,73,0,0,0
,0,12,47,23,1,0,0
27.300000000000001,0,12,46,37,0,0,0
31.5,0,14,49,28,0,0,0
11.15,0,15,50,32,1,0,0
14.300000000000001,0,12,48,21,0,0,0
,0,12,47,71,1,0,0
12.390000000000001,0,19,45,23,1,0,0
32.689999999999998,0,16,47,69,0,0,0
44.229999999999997,0,16,50,93,1,0,0
10.050000000000001,0,15,50,66,1,0,0
12.5,0,16,49,83,1,0,0
17.350000000000001,0,20,50,94,0,0,0
14.74,0,16,51,43,1,0,0
43.469999999999999,0,16,45,65,0,0,0
,0,13,52,33,0,0,0
20,0,14,48,23,0,0,0
55,0,16,49,51,1,0,0
20,0,18,52,97,1,0,0
10,0,14,49,30,0,0,0
31.920000000000002,0,17,51,93,0,0,0
17.75,0,16,50,46,0,0,0
88.459999999999994,0,20,50,93,0,0,0
,0,14,48,16,1,0,0
45.07,0,19,52,55,1,0,0
,1,12,49,25,1,0,1
11.550000000000001,0,12,47,23,0,0,1
14.550000000000001,0,13,45,10,0,0,1
12.41,0,13,50,18,1,0,1
7.25,0,13,46,25,1,0,1
10.23,0,15,48,41,1,1,0
,0,12,45,8,0,1,0
13.76,0,15,50,6,1,0,1
16.34,0,12,51,71,1,0,0
10.380000000000001,0,11,49,17,1,0,0
7.2999999999999998,0,12,47,33,1,0,0
9.9000000000000004,0,12,46,18,0,0,0
17.25,0,12,49,17,1,0,0
43.950000000000003,1,16,51,36,0,0,1
10.98,0,12,51,29,1,0,0
8.25,0,12,49,33,1,0,0
26,0,13,48,78,0,0,0
19.600000000000001,1,12,50,59,0,0,0
7.4400000000000004,1,12,50,26,1,0,0
12.74,0,12,47,44,1,0,0
,1,12,50,77,1,0,0
15,1,13,49,71,1,0,0
24,1,13,48,41,1,0,0
19.550000000000001,1,12,49,22,0,0,0
15,1,12,48,64,0,0,0
15.380000000000001,1,12,47,39,1,0,0
15.5,1,11,51,48,1,0,0
29.23,0,12,50,49,0,0,0
13,0,12,46,18,1,0,0
20.77,0,19,49,86,0,0,0
25,0,12,45,51,0,0,0
43.700000000000003,0,16,49,76,0,0,0
36.850000000000001,0,19,46,84,0,0,0
52.159999999999997,0,20,47,,0,0,0
56.619999999999997,0,20,45,55,1,0,0
,0,17,52,,1,0,0
45.670000000000002,0,16,50,81,0,0,0
17.579999999999998,0,16,47,59,0,0,0
13.06,0,15,45,57,1,0,0
14.9,0,19,51,99,1,0,0
4.4400000000000004,1,19,48,91,0,0,0
43.659999999999997,0,18,49,76,1,0,0
27.82,0,19,49,42,1,0,0
25.640000000000001,1,12,52,26,0,0,0
16.219999999999999,0,15,51,49,1,0,0
73.069999999999993,0,19,50,91,0,0,0
25.469999999999999,0,12,49,60,0,0,0
,0,12,47,63,1,0,0
17.350000000000001,0,12,50,47,1,0,0
14.42,0,16,48,99,1,0,0
,0,14,46,85,1,0,0
20,0,16,45,71,1,0,0
11.109999999999999,0,15,52,93,0,0,0
9.3000000000000007,1,15,48,79,1,0,0
29.550000000000001,0,17,47,76,0,0,0
,0,14,47,,0,0,0
42.299999999999997,1,19,45,89,1,0,0
2.4500000000000002,0,19,49,75,0,0,0
20,0,16,48,67,0,0,0
16.34,0,15,45,40,1,0,0
2.8199999999999998,1,16,51,88,0,0,1
16.559999999999999,0,16,52,96,1,0,0
42.299999999999997,0,20,46,84,0,0,0
41.329999999999998,0,12,48,80,1,1,0
34.020000000000003,0,15,45,85,1,1,0
19.23,0,16,50,84,0,0,0
,0,14,51,29,0,0,0
8,0,12,47,37,1,0,0
16,0,12,50,37,0,0,0
44.369999999999997,0,16,47,89,0,0,0
27.170000000000002,0,14,45,8,0,0,0
24.120000000000001,0,12,50,60,0,0,0
28,0,12,48,21,1,0,0
50.079999999999998,0,16,48,85,0,0,0
46.149999999999999,0,16,52,89,0,0,0
,0,14,50,69,1,0,0
7,0,16,48,43,1,0,0
22.109999999999999,0,12,45,56,0,0,0
19.23,0,14,51,6,1,1,0
12.800000000000001,0,12,53,70,0,0,0
17,0,12,50,22,1,0,0
16.82,0,16,52,,0,0,0
13.77,0,12,51,40,1,0,0
19.73,0,16,48,53,1,0,0
42.119999999999997,0,14,47,75,0,0,0
16.34,0,12,46,23,0,0,0
,0,12,51,21,1,0,0
37,0,13,51,44,0,0,0
23.25,1,12,49,49,1,0,0
26.440000000000001,0,18,50,99,0,0,0
14.33,0,16,51,47,0,0,0
49.700000000000003,0,13,52,91,0,0,0
50,0,12,47,40,1,0,0
16.989999999999998,0,12,45,76,1,0,0
35.25,0,12,46,30,0,0,0
1.1499999999999999,0,12,45,53,1,0,0
,1,12,51,75,1,0,0
13.08,1,16,49,77,1,0,0
19.34,0,12,51,62,0,0,0
12.880000000000001,0,13,46,48,0,0,0
2.8199999999999998,0,12,50,62,0,0,0
62.009999999999998,0,14,50,91,0,0,0
51.280000000000001,0,15,49,83,0,0,0
53.840000000000003,0,16,47,81,0,0,0
35.960000000000001,0,15,48,57,1,0,0
24.030000000000001,0,12,47,38,1,0,0
20.670000000000002,0,12,45,25,1,0,0
24.350000000000001,0,12,47,11,1,0,0
10.890000000000001,0,12,49,46,0,0,0
16.82,0,12,51,59,1,0,0
20.710000000000001,0,12,50,59,0,0,0
28.5,0,12,47,47,1,0,0
20.670000000000002,0,12,46,45,1,0,0
22.5,0,12,47,60,0,0,0
31.25,0,20,49,58,1,0,0
32,0,18,52,79,1,0,0
31.25,0,12,46,86,0,0,0
11.43,0,16,51,31,1,0,0
7.6900000000000004,0,12,50,50,1,0,0
20.899999999999999,0,12,51,45,0,0,0
16.5,0,12,49,28,1,0,0
20.550000000000001,0,12,46,39,1,0,0
9.3000000000000007,0,16,52,41,0,0,0
28.640000000000001,0,14,51,65,0,0,0
13.5,0,15,50,8,1,0,1
16.890000000000001,0,12,49,64,0,0,0
,0,12,51,30,1,0,0
,1,14,49,34,0,0,0
13.33,0,12,52,81,1,0,0
30.739999999999998,0,12,49,28,0,0,0
22.82,0,12,45,47,0,0,0
19.93,1,16,46,55,1,0,0
,1,14,48,73,0,0,1
8.7899999999999991,0,14,49,12,1,0,1
5.8099999999999996,1,12,47,5,0,0,1
17.300000000000001,0,16,45,52,0,0,0
27,1,14,49,24,1,0,0
9,0,12,50,30,1,0,0
55.549999999999997,0,12,52,67,0,0,0
15,0,12,52,16,1,0,0
21.170000000000002,0,12,46,35,0,0,0
,0,12,47,6,0,0,0
12.5,0,14,46,70,0,0,0
15.31,0,18,49,98,0,0,0
17.09,0,19,47,59,1,0,0
29.059999999999999,1,16,48,63,1,0,0
7.29,0,17,45,98,1,0,0
25.640000000000001,0,17,49,99,1,0,0
22.109999999999999,0,17,47,12,1,0,0
29.899999999999999,0,16,47,71,1,0,0
,1,8,52,,1,0,1
,1,11,46,3,0,0,1
21.050000000000001,1,12,46,17,1,0,1
9.2300000000000004,1,12,51,14,1,0,1
,1,9,48,6,1,0,1
,1,10,46,7,1,0,1
11.74,1,7,52,12,1,0,1
8.25,1,12,45,17,1,0,0
4.7999999999999998,0,12,48,42,1,0,0
16.199999999999999,0,14,45,40,1,0,0
22.399999999999999,1,15,49,59,1,0,0
13.699999999999999,0,12,47,34,0,0,0
,1,12,46,1,0,0,0
8,0,12,45,5,0,0,0
20.399999999999999,0,12,51,60,0,0,0
32.689999999999998,0,19,46,53,0,0,0
11.66,1,13,50,21,1,0,0
9,0,12,51,8,1,0,0
23.190000000000001,0,18,47,77,1,0,0
,1,16,48,84,1,0,0
32.219999999999999,0,18,48,90,0,0,0
59.609999999999999,0,16,46,63,0,0,0
15.029999999999999,0,12,49,,0,0,0
15.65,1,16,49,87,0,0,0
9.9800000000000004,0,12,50,15,1,0,0
9.1799999999999997,1,12,53,2,1,0,1
13.67,1,15,46,32,0,0,1
24,1,12,52,10,0,0,1
36.049999999999997,1,12,51,89,0,0,0
48.07,0,12,51,82,0,0,0
11.220000000000001,1,12,49,45,1,0,0
,0,12,52,78,0,0,0
18.5,1,12,51,77,1,0,0
,1,10,49,4,0,0,1
12.789999999999999,0,12,50,15,1,0,1
8.4100000000000001,1,12,47,6,1,0,1
41.5,1,18,49,18,0,0,1
8.6799999999999997,1,13,52,8,1,0,1
21.899999999999999,1,14,45,20,1,1,0
9.5,0,9,49,4,1,0,0
39.659999999999997,1,16,50,85,1,0,1
21.969999999999999,1,14,49,24,1,0,1
3.3199999999999998,0,12,45,44,1,0,0
22.93,0,14,48,55,0,0,0
38.460000000000001,0,16,46,67,1,0,0
18.690000000000001,0,12,49,53,0,0,0
55.280000000000001,0,19,46,92,1,0,0
,0,18,49,99,1,0,0
,0,9,48,6,0,0,0
,0,9,45,16,1,0,0
19.23,0,12,52,16,0,0,0
21.469999999999999,0,14,52,78,0,0,0
115.38,0,15,51,45,0,0,0
9.6099999999999994,0,16,52,91,1,0,0
17.300000000000001,0,15,52,77,1,0,0
25.75,0,18,48,68,1,0,0
32.829999999999998,0,16,45,81,1,0,0
50.960000000000001,0,12,52,60,0,0,0
,0,14,47,75,0,0,0
6,0,12,47,35,1,0,0
25,0,12,53,60,1,0,0
18.41,1,12,45,21,1,0,0
,0,12,52,,0,1,0
20.190000000000001,0,12,49,29,1,1,0
18.640000000000001,1,14,49,32,1,1,0
26.699999999999999,0,13,47,41,1,1,0
12.01,1,12,47,33,1,1,0
6,0,16,52,91,0,1,0
15,0,13,48,41,0,1,0
,0,12,51,1,1,0,0
9.6600000000000001,0,12,50,42,1,1,0
10,1,12,50,25,1,1,0
16.34,0,12,47,21,1,1,0
22.5,0,11,46,53,0,0,0
52.82,1,16,53,81,0,0,0
20.25,0,16,48,63,1,0,0
,0,16,52,67,1,0,0
8.9700000000000006,0,12,50,32,1,0,0
67.299999999999997,0,16,51,88,0,1,0
90.379999999999995,0,16,50,81,0,0,0
348.82999999999998,0,16,48,79,0,0,0
11.67,0,12,48,55,1,0,0
14.119999999999999,0,11,52,6,0,0,1
10,0,12,48,5,0,0,1
15.380000000000001,0,12,45,8,0,0,1
,0,11,51,,0,0,1
9,0,10,46,6,0,0,1
25.620000000000001,1,15,48,25,1,0,1
20,1,12,52,51,0,0,1
31.25,1,16,49,59,1,0,1
17.710000000000001,0,14,49,28,1,0,1
6.2000000000000002,0,15,47,35,1,0,1
2.0499999999999998,0,14,46,21,1,0,1
,0,12,52,43,1,0,1
8.7200000000000006,0,14,51,19,1,0,0
,0,5,49,,1,0,0
8.5,0,14,51,11,1,0,1
11,0,13,48,29,1,0,1
33.649999999999999,0,12,51,54,0,0,0
,0,12,48,27,1,0,0
1.9199999999999999,0,12,48,34,0,0,0
9.8000000000000007,0,12,50,70,1,0,0
15.859999999999999,0,16,50,90,0,0,0
28.84,0,19,51,92,1,0,0
47.810000000000002,0,16,45,47,0,0,0
20.670000000000002,0,16,48,96,1,0,0
19.609999999999999,0,17,47,66,1,0,0
8.6500000000000004,0,12,47,67,1,0,0
144.22999999999999,0,13,51,18,0,0,0
96.150000000000006,0,13,53,66,1,0,0
23.5,0,18,51,94,1,0,0
44.710000000000001,0,16,52,95,1,0,0
55.759999999999998,0,16,47,41,0,0,0
18.800000000000001,0,19,49,70,1,0,0
20.510000000000002,0,15,47,75,0,0,0
34.609999999999999,0,18,51,35,1,0,1
,0,12,50,24,0,0,1
19.23,0,16,49,20,1,0,1
11.800000000000001,0,15,47,24,0,0,1
13.949999999999999,1,12,45,12,0,0,1
19.23,0,16,48,65,1,0,1
21,1,14,47,43,0,0,0
8,1,13,52,30,1,0,0
3,1,16,49,32,1,0,0
26.440000000000001,0,15,48,17,0,0,1
13,0,12,49,10,1,0,1
13.5,1,9,48,4,0,0,0
8.6500000000000004,1,8,47,2,0,0,0
,0,10,48,15,1,0,1
15.619999999999999,0,13,50,13,1,0,1
110.94,0,20,52,84,1,0,1
,0,16,51,6,1,0,1
9.2200000000000006,0,8,48,1,1,0,1
12.01,0,12,47,1,0,0,1
12.359999999999999,1,11,52,1,1,0,1
,1,12,48,2,1,0,1
9.3699999999999992,1,12,47,10,0,0,1
10,0,12,49,10,1,0,1
7.6900000000000004,1,12,46,4,1,0,1
12.43,0,12,49,1,1,0,1
21.629999999999999,0,12,46,8,0,0,1
10.35,1,13,50,16,1,0,1
,1,12,52,4,1,0,0
,0,13,51,15,1,0,0
,1,11,51,2,1,0,1
37.5,0,12,47,45,0,0,0
21.420000000000002,0,12,53,22,1,0,0
28.140000000000001,0,19,46,60,1,0,0
13.460000000000001,0,14,50,33,1,0,0
17.5,0,12,48,20,0,0,0
9.25,0,12,46,27,1,0,0
18.260000000000002,0,12,50,24,0,0,0
31.75,1,13,52,55,1,0,0
21.77,0,18,46,74,1,0,0
,0,12,49,6,1,0,0
10,0,12,45,15,1,0,0
10.18,1,12,47,37,0,0,0
8.75,1,12,45,6,1,0,0
,0,12,49,20,0,0,0
13.369999999999999,1,12,47,35,1,0,0
,1,12,46,13,0,0,0
7.9000000000000004,0,12,51,73,0,0,0
10.6,0,12,52,36,1,0,0
21.32,0,12,46,32,1,0,0
31.219999999999999,0,19,52,65,1,0,0
12.470000000000001,0,12,46,27,1,0,0
,0,18,47,85,1,0,0
28.129999999999999,1,13,47,12,0,0,0
11.18,0,12,46,18,0,0,0
9.5,0,14,48,79,1,0,0
19.75,1,9,51,11,0,0,0
,0,14,51,75,1,0,0
2.8799999999999999,0,18,50,89,1,0,0
10.32,0,12,49,50,1,0,0
1.1200000000000001,0,12,52,62,0,0,0
36,0,14,50,,0,0,0
20,0,12,47,45,0,0,0
34.229999999999997,0,16,50,92,0,0,0
19.850000000000001,0,12,51,32,0,0,0
9.3699999999999992,0,13,47,56,0,0,0
13.369999999999999,0,16,49,51,1,0,0
21.440000000000001,1,16,46,80,1,0,0
16.34,0,12,50,21,0,0,0
25,0,15,51,89,1,0,0
3.1000000000000001,0,12,49,29,0,0,0
12,0,16,46,53,1,0,0
,0,12,45,7,0,0,0
17.780000000000001,1,18,46,96,1,0,0
,0,8,46,21,1,0,0
18,0,16,48,12,1,0,1
25,0,14,47,8,0,0,1
15.99,1,14,51,15,0,0,1
9.6099999999999994,1,12,46,18,0,0,1
12.199999999999999,1,14,51,33,1,0,1
,1,13,47,10,0,0,1
10.68,1,12,46,19,0,0,1
17.780000000000001,0,16,50,37,1,0,1
9.3000000000000007,0,15,46,42,0,0,1
13.949999999999999,0,12,47,32,1,0,0
12.5,1,12,45,13,0,0,0
11.5,0,14,50,38,0,0,0
,1,8,47,31,1,0,0
72.109999999999999,0,18,47,65,0,0,0
11.529999999999999,0,16,53,47,1,0,0
16.329999999999998,1,12,47,35,1,0,0
5.8099999999999996,1,12,51,30,0,0,0
4.6100000000000003,1,18,48,38,1,0,0
6.4100000000000001,1,16,52,53,0,0,0
12.9,0,12,52,49,1,0,0
8.9199999999999999,1,12,48,2,1,0,1
240.38,0,15,45,49,0,0,0
,0,9,48,29,0,0,0
14.23,0,8,53,16,0,0,0
14.699999999999999,0,12,47,3,0,0,0
34.130000000000003,0,13,52,78,0,0,0
21,0,13,49,57,0,0,0
21.550000000000001,0,17,47,62,1,0,0
11,0,15,47,29,1,0,0
50.289999999999999,0,16,51,75,0,0,0
,0,16,47,39,1,0,0
26.440000000000001,0,12,48,57,1,0,0
,1,10,45,10,0,0,0
20,1,8,53,11,0,0,0
15.380000000000001,0,13,49,58,0,0,0
10.15,0,12,47,11,1,0,0
7.25,1,12,51,19,1,0,0
,0,9,51,3,0,0,0
29.91,0,12,51,62,0,0,0
45,0,16,48,45,1,0,0
30.449999999999999,0,13,48,,0,0,0
11.710000000000001,0,13,47,,0,0,0
13,0,12,45,27,0,0,0
12.5,0,12,51,38,1,0,0
,0,12,46,38,0,0,0
46.149999999999999,0,12,52,,0,0,0
11.529999999999999,0,16,47,87,1,0,0
18.02,0,12,52,8,0,0,0
,0,14,49,40,0,0,0
17.48,0,18,52,58,1,0,0
16.879999999999999,0,12,53,35,1,0,0
9,0,13,45,19,1,0,0
6.7300000000000004,1,20,47,98,1,0,0
9.6099999999999994,0,16,51,59,0,0,0
14.66,0,12,51,47,1,0,0
15.5,0,16,49,84,0,0,0
14.18,0,16,48,84,0,0,0
,0,12,48,51,0,0,0
,0,12,45,12,1,0,0
,0,12,49,22,0,0,0
6.25,0,16,48,,0,0,0
10.6,0,16,46,55,1,0,0
9.8100000000000005,1,15,52,25,1,0,1
18.210000000000001,1,16,51,28,1,0,1
17,1,16,50,51,1,0,1
18.16,0,15,48,21,1,0,1
27.350000000000001,1,15,46,24,0,0,1
,0,12,46,2,1,0,1
12.359999999999999,1,15,51,18,1,0,1
15,1,12,48,2,0,0,1
10.220000000000001,0,12,47,12,0,0,1
19.579999999999998,1,12,49,24,0,0,1
11,1,12,47,6,1,0,1
25.379999999999999,1,19,46,23,1,0,1
32,1,12,46,19,0,0,1
,0,7,52,3,1,0,0
32.729999999999997,0,15,51,69,0,0,0
27.140000000000001,0,16,49,71,1,0,0
23.420000000000002,0,20,46,47,1,0,0
16,0,12,52,34,0,0,0
23,1,16,50,27,1,0,0
32.210000000000001,0,14,47,73,1,1,0
10,0,8,47,1,1,1,0
7.75,0,8,49,24,1,1,0
58.109999999999999,0,17,46,92,1,1,0
5.2400000000000002,0,20,50,62,0,1,0
7.21,0,14,47,14,0,1,0
1.5,0,9,48,,0,1,0
52.880000000000003,0,14,47,40,0,0,0
7.25,0,12,45,27,1,0,0
7.25,1,14,48,37,1,0,0
2.1299999999999999,0,12,47,16,1,0,0
6.1799999999999997,0,11,51,7,0,1,0
2.1899999999999999,0,12,49,6,1,1,0
10.65,0,12,48,15,1,0,0
18,0,12,45,18,0,0,0
14.81,1,12,45,30,0,1,0
10.65,1,12,48,3,1,1,0
25,1,12,52,60,1,0,0
38,0,12,51,,0,0,0
16.100000000000001,0,12,47,63,0,0,0
18.25,0,12,47,56,1,0,0
44.869999999999997,0,14,45,81,1,0,0
,0,16,49,39,0,0,0
29.879999999999999,0,16,49,17,0,0,1
19.23,0,17,47,27,0,0,1
15,1,11,48,2,0,0,0
10.51,0,12,49,14,1,0,1
17.640000000000001,1,12,46,6,1,0,1
,1,14,48,6,1,0,1
8,1,7,46,6,1,1,0
22.829999999999998,1,12,46,7,1,1,0
16.73,1,16,46,90,1,0,0
48.549999999999997,0,13,48,39,1,1,0
16.34,1,12,46,,1,0,1
6.8300000000000001,0,9,48,8,0,1,0
2.3999999999999999,0,8,46,9,1,1,0
7.25,0,7,53,12,1,0,0
,0,12,50,40,0,0,0
26,1,14,45,64,1,0,0
10,0,12,52,43,1,0,0
7.5999999999999996,0,12,52,55,0,0,0
15.449999999999999,1,12,46,,0,0,0
,1,8,45,12,1,0,0
21,0,12,52,46,0,0,0
9.2200000000000006,1,12,52,26,1,0,0
9.6099999999999994,0,18,49,56,1,0,0
27,0,8,52,22,0,0,0
25.809999999999999,0,12,50,,0,0,0
,1,14,52,77,1,0,0
48.07,0,16,51,46,0,0,0
17.300000000000001,1,13,51,65,1,0,0
72.109999999999999,0,18,48,94,0,0,0
6,1,14,51,4,0,0,1
50.759999999999998,0,16,52,54,0,0,1
15.710000000000001,1,14,50,3,1,0,1
7.2000000000000002,1,12,45,1,1,0,1
16.25,1,13,49,4,1,0,1
15.380000000000001,0,11,52,1,0,0,1
20,0,12,51,32,0,0,1
14.18,0,13,47,47,1,0,1
,1,12,52,14,0,0,1
,1,12,45,6,1,0,1
,1,13,48,14,1,0,1
144.22999999999999,0,12,46,45,1,0,0
11,0,12,52,30,1,0,0
38.109999999999999,1,16,49,80,0,0,0
10,0,12,52,59,1,0,0
25.960000000000001,0,12,50,17,0,0,0
34.18,0,17,47,85,0,0,0
45,0,16,46,94,1,0,0
115.38,1,18,52,98,0,0,0
25.32,1,15,51,86,0,0,0
16.5,0,12,50,80,0,0,0
12.01,0,12,48,58,1,0,0
17,0,14,45,98,0,0,0
12.82,0,17,51,94,0,0,0
13,0,16,46,46,1,0,0
21.629999999999999,0,18,49,69,1,0,0
12.5,0,15,48,93,1,0,0
25.420000000000002,0,13,50,44,1,0,0
69.930000000000007,0,12,48,40,0,0,0
12.25,0,12,53,20,1,0,1
15.199999999999999,0,12,53,8,0,0,1
26.440000000000001,0,12,49,23,0,0,1
8.7599999999999998,0,16,50,79,1,0,1
7.5,1,9,48,3,1,0,1
13.35,1,12,49,27,1,0,0
14.800000000000001,0,12,52,5,0,0,1
,0,12,50,15,0,0,1
9.3000000000000007,0,13,49,25,1,0,1
16.719999999999999,0,15,45,21,1,0,1
17,0,12,47,46,1,0,0
14.27,0,12,45,36,1,0,0
,1,12,47,27,1,1,0
29.32,0,13,50,30,1,1,0
21.359999999999999,1,12,47,,0,1,0
40.140000000000001,1,18,46,28,1,1,0
22.510000000000002,0,12,52,66,1,0,0
,0,16,47,32,1,1,0
,0,12,49,25,1,0,0
,0,12,48,14,0,0,0
13,0,12,50,11,0,0,0
13.06,0,12,49,26,1,0,0
14.609999999999999,1,11,50,55,0,0,0
7.25,1,10,48,38,1,0,0
,1,12,49,22,1,0,0
10,0,12,51,33,1,0,0
11.49,1,16,52,32,1,0,0
19.43,1,12,50,91,1,0,0
24,0,12,50,57,0,0,0
14.5,0,14,49,68,0,0,0
19.420000000000002,0,12,47,59,0,0,0
29.350000000000001,0,12,47,25,0,0,0
,0,14,46,64,1,0,0
,0,12,50,22,1,0,0
11.529999999999999,0,12,49,26,0,0,0
50,0,18,50,95,0,0,0
10.390000000000001,0,16,49,80,1,0,0
14.6,1,17,49,65,1,0,0
33.649999999999999,0,14,51,84,0,0,0
41.659999999999997,1,16,48,60,0,0,0
25.960000000000001,1,15,47,56,1,0,0
28,0,13,49,,0,1,0
47.5,0,16,48,81,0,0,0
320.50999999999999,0,14,52,48,0,0,0
18.309999999999999,0,12,49,58,0,0,0
12.82,0,12,47,12,0,0,0
,1,12,48,24,1,0,0
12,1,12,48,14,1,0,0
10.720000000000001,1,15,46,80,1,0,0
40.859999999999999,0,12,47,46,0,0,0
21.440000000000001,0,18,46,52,1,0,0
19.350000000000001,0,16,49,96,1,0,0
11.44,1,17,48,,0,0,0
29.800000000000001,0,16,48,64,1,0,0
9.1300000000000008,0,12,48,26,0,0,0
,0,12,46,30,0,0,0
9.5299999999999994,0,12,45,22,1,0,0
11,0,12,50,30,1,0,0
,0,12,48,35,0,0,0
,1,11,49,1,1,0,0
21.219999999999999,0,14,45,54,1,0,0
8.3499999999999996,1,12,52,63,1,0,0
0.19,1,16,52,60,1,0,0
52.439999999999998,0,16,48,49,0,0,0
38.460000000000001,0,12,45,41,0,0,0
9.8100000000000005,0,17,51,57,0,0,0
15.51,0,12,50,38,1,0,0
11.5,0,12,52,57,1,0,0
,1,12,53,51,1,0,0
12,0,12,51,28,1,0,0
,0,14,52,93,1,0,0
12,1,12,50,35,1,0,0
22.5,0,12,48,65,0,0,0
20,0,17,47,91,1,0,0
12.01,0,16,51,75,0,0,0
9.5500000000000007,0,17,50,89,1,0,0
62.130000000000003,0,20,48,99,1,0,0
33.649999999999999,0,16,47,98,0,0,0
17,0,12,45,24,0,0,0
27.550000000000001,0,15,50,59,0,0,0
23.329999999999998,0,12,48,53,1,0,0
16.66,0,15,46,55,0,0,0
36.530000000000001,0,16,47,98,0,0,0
53.840000000000003,0,18,46,96,0,0,0
55.380000000000003,0,20,45,79,1,0,0
,0,16,49,94,1,0,0
23.120000000000001,0,12,47,39,0,0,0
16.960000000000001,0,12,47,40,0,0,0
13.35,0,12,47,49,0,0,0
12.5,0,13,50,81,1,0,0
,0,16,47,98,1,0,0
30.48,1,12,52,65,1,0,0
60.090000000000003,0,12,51,85,0,1,0
13.050000000000001,0,14,45,4,1,1,0
19.23,0,12,50,,0,1,0
9,0,15,49,38,0,1,0
,1,13,51,16,0,1,0
23.600000000000001,0,14,45,14,1,1,0
11,1,9,50,49,1,0,0
16.530000000000001,1,9,48,14,1,0,0
,0,11,50,5,1,1,0
9.3499999999999996,0,12,47,10,1,1,0
49,0,12,46,71,0,1,0
43.259999999999998,0,16,52,83,0,0,0
7.6699999999999999,0,14,52,58,1,0,0
21.59,0,12,51,59,1,0,0
,0,14,49,89,1,0,0
,0,17,47,86,1,0,0
19,0,14,46,49,0,0,0
,0,14,47,62,1,0,0
9.7899999999999991,1,14,45,23,0,1,0
,0,12,49,14,0,1,0
19,0,15,46,13,1,1,0
,1,20,49,58,0,1,0
77.959999999999994,0,16,46,94,0,0,0
18.75,0,12,47,58,0,0,0
7.25,1,13,52,26,0,0,0
12.75,1,12,46,17,1,0,0
55.979999999999997,0,18,49,89,1,0,0
59.299999999999997,0,18,48,80,1,0,0
32,0,12,47,56,0,0,0
16.609999999999999,1,12,48,44,1,0,0
15.380000000000001,1,16,48,49,0,0,0
,0,14,48,28,0,0,0
25,0,12,52,,1,0,0
13.460000000000001,1,13,51,13,1,0,1
,1,11,50,7,0,0,1
,1,10,48,1,0,0,1
11,1,11,47,3,0,1,0
23.07,0,13,47,16,0,1,0
,0,12,45,13,0,1,0
38.460000000000001,1,12,52,52,0,1,0
32.049999999999997,1,17,46,41,1,1,0
16,0,12,46,,1,1,0
23,0,12,50,41,0,0,0
2.8799999999999999,0,16,49,81,1,0,0
0.25,0,20,51,74,0,0,0
45.670000000000002,1,16,51,58,0,0,0
,0,14,49,,1,0,0
,0,18,52,98,1,0,0
39.609999999999999,0,20,52,71,1,0,1
7.25,0,14,52,3,1,0,1
37.170000000000002,0,13,47,55,0,0,1
57.689999999999998,0,13,49,,0,0,1
25.640000000000001,0,16,49,33,1,0,1
50,0,12,51,17,0,1,0
13.949999999999999,0,16,48,32,1,1,0
25.940000000000001,1,11,47,14,1,0,0
,0,12,45,16,1,0,0
18.5,1,12,50,35,1,1,0
23.25,1,17,52,85,1,0,0
73.450000000000003,1,16,48,76,1,0,0
21.149999999999999,1,17,47,84,1,0,0
10.34,0,17,51,60,1,0,0
,0,17,46,47,1,0,0
19.23,0,17,47,85,1,1,0
23.07,0,15,49,89,0,0,0
13.26,0,16,51,54,1,0,0
,0,10,49,32,0,0,0
69.709999999999994,0,13,49,94,0,0,0
40,0,13,49,57,0,0,0
27.969999999999999,0,17,46,83,1,0,0
51.920000000000002,0,19,52,96,0,0,0
15.59,0,13,52,51,1,0,0
,1,12,53,20,1,0,1
13.75,0,12,50,42,0,1,0
20,1,13,49,12,1,1,0
,0,12,49,6,1,0,1
,0,12,47,34,0,0,1
17.170000000000002,0,15,46,10,1,0,1
,1,13,48,16,0,0,1
18.5,1,15,49,1,1,0,1
32.880000000000003,1,16,48,57,0,1,0
19.949999999999999,0,11,45,13,0,0,0
,0,16,49,96,0,0,0
14.970000000000001,0,16,51,88,1,0,0
9.5,0,12,47,39,1,0,0
19,0,12,46,25,1,0,0
16.359999999999999,1,11,47,,1,0,0
,1,12,46,17,0,0,0
24.120000000000001,0,15,52,26,1,1,0
26.440000000000001,0,17,49,30,1,0,0
,0,14,49,55,1,0,0
38.75,0,11,49,23,0,1,0
17.09,0,14,47,74,0,0,0
21,0,15,51,65,0,0,0
10.5,0,12,49,51,0,1,0
,1,15,46,62,0,0,0
17.780000000000001,1,19,48,10,1,0,0
26.920000000000002,1,12,47,25,1,0,0
,0,17,47,30,1,0,0
33.649999999999999,0,12,45,62,0,0,0
25,0,12,46,,1,0,0
17.5,0,12,48,59,0,0,0
1.9199999999999999,0,14,46,76,0,0,0
20.190000000000001,0,13,47,,1,0,0
42.649999999999999,0,20,52,63,1,0,0
9,1,9,47,51,1,0,0
18.02,0,15,47,64,1,0,0
,1,13,46,39,1,0,0
9.0099999999999998,0,13,51,97,1,0,0
9.8000000000000007,0,12,45,65,0,0,0
24.289999999999999,0,19,48,73,1,0,0
12.449999999999999,0,17,50,98,1,0,0
12.5,0,12,45,41,0,0,0
37.5,0,14,51,25,0,1,0
43.5,0,16,51,94,1,0,0
7.6900000000000004,0,13,49,47,0,0,0
57.689999999999998,0,13,46,49,0,0,0
27.469999999999999,1,9,47,24,0,1,0
,1,11,47,14,0,0,0
31.25,0,12,47,,1,1,0
,1,9,48,19,1,1,0
,0,15,47,83,0,1,0
2.79,0,8,52,,0,1,0
,1,12,45,9,0,1,0
6.3899999999999997,0,9,53,3,1,1,0
,0,12,52,,1,1,0
17.539999999999999,0,12,49,68,1,0,0
7.5,1,12,48,55,0,0,0
,1,12,46,10,1,0,0
,1,13,49,9,1,0,1
,0,9,52,7,1,1,0
17.5,0,12,49,32,0,1,0
14.9,0,13,52,23,0,1,0
18.260000000000002,0,12,48,18,1,1,0
8.3300000000000001,0,12,45,11,1,1,0
,0,12,49,16,1,1,0
34.049999999999997,0,20,49,88,1,0,0
10.869999999999999,0,16,48,65,1,0,0
144.22999999999999,0,17,52,99,0,0,0
27.899999999999999,0,18,52,96,1,0,0
114.45999999999999,0,18,52,89,0,0,0
42.780000000000001,0,14,49,76,1,1,0
,0,13,48,35,1,1,0
,0,14,51,48,0,1,0
36.049999999999997,0,12,49,65,1,0,0
63.460000000000001,1,18,46,85,0,0,0
15,1,12,48,18,0,0,0
27.690000000000001,0,18,50,62,1,0,0
15.109999999999999,0,12,51,50,0,0,0
12,0,12,46,32,1,0,0
,0,12,50,34,1,0,0
12.58,0,12,51,75,1,0,0
20.190000000000001,1,12,49,35,1,0,0
8.75,0,12,49,49,1,0,0
21,0,12,47,84,0,0,0
18.75,0,13,52,42,1,0,0
19.23,0,12,45,30,0,0,0
7.5999999999999996,0,14,49,72,1,0,0
,1,12,51,62,1,0,0
16.010000000000002,0,12,50,16,0,0,0
10,0,12,46,14,0,0,0
61.149999999999999,0,18,49,95,0,0,0
11.69,1,15,52,72,1,0,0
7.21,0,12,51,34,1,0,0
16.02,0,20,50,94,1,0,0
12.82,0,12,48,34,0,0,0
7.1100000000000003,0,12,46,48,1,0,0
8,0,12,46,44,0,0,0
25.48,0,16,50,62,1,0,0
7.9400000000000004,1,12,49,4,0,0,0
,1,12,48,8,1,0,0
18.289999999999999,1,13,47,40,0,0,0
17.5,1,12,46,9,0,0,0
14.25,1,12,49,49,0,0,0
11.449999999999999,0,14,47,36,0,0,0
42.649999999999999,0,14,50,81,0,0,0
21.920000000000002,0,18,49,80,1,0,0
33,0,12,51,20,0,0,0
30.760000000000002,0,12,50,,0,0,0
20.859999999999999,0,12,46,46,1,0,0
17.09,0,12,48,89,1,0,0
42,0,12,46,47,1,0,0
32.049999999999997,0,18,50,98,1,0,0
28,1,13,51,60,0,0,0
25,0,12,49,58,0,0,0
31.73,0,12,47,60,0,0,0
19.23,1,14,48,42,1,0,0
13,1,14,45,32,1,0,0
25,0,19,52,94,0,0,0
108.56,0,16,51,91,1,0,0
38.460000000000001,0,19,47,57,0,0,0
16.25,0,12,48,13,0,0,0
29.91,0,12,49,70,0,0,0
,0,14,46,33,0,0,0
,0,14,45,46,0,0,0
11,0,13,51,8,1,0,0
26,1,16,46,34,0,0,0
24,1,12,48,79,0,0,0
13.15,0,12,52,31,1,0,0
10.9,0,12,48,49,1,0,0
1.1000000000000001,1,8,52,1,1,0,0
32.57,0,14,52,99,1,0,0
25,0,16,48,90,0,0,0
14,1,12,48,30,0,0,0
,1,12,46,31,1,0,0
7.7400000000000002,0,16,51,74,1,0,0
10,0,15,51,75,1,0,0
72.640000000000001,0,16,49,77,1,0,0
,0,15,47,63,1,0,0
,0,12,52,2,1,0,0
7.3899999999999997,0,14,49,83,0,0,0
11.6,0,12,49,40,1,0,0
,0,12,46,45,1,0,0
16.030000000000001,0,16,48,63,0,0,0
42.890000000000001,0,18,48,46,1,0,0
42.299999999999997,0,17,46,37,0,0,0
25.960000000000001,0,19,45,79,1,0,0
21.629999999999999,0,16,48,91,1,0,0
22.059999999999999,0,14,47,82,0,0,0
36.530000000000001,0,12,50,6,0,0,0
24.030000000000001,0,15,49,72,0,0,0
13.94,0,12,49,25,0,0,0
12.9,0,12,46,47,1,0,0
43.259999999999998,0,12,52,65,0,0,0
24.350000000000001,1,12,51,12,1,0,0
25.829999999999998,0,12,49,73,0,0,0
11.81,1,12,53,30,0,0,0
10.25,1,12,49,47,1,0,0
16.66,0,12,48,76,0,0,0
25,0,16,47,40,1,0,0
8.2400000000000002,1,16,47,,0,0,0
23.07,0,12,46,34,0,0,0
16.82,1,16,45,51,1,0,1
13.960000000000001,0,12,45,58,0,0,0
19.23,0,18,47,48,1,0,0
21.27,0,14,45,15,0,0,0
34.700000000000003,0,14,52,83,0,0,0
,0,12,50,20,1,0,0
13.6,0,12,50,,1,0,0
6.5,1,12,49,6,0,0,0
6,1,12,48,49,1,0,0
11.16,1,14,46,67,1,0,0
18.57,0,12,50,12,0,0,0
13.25,0,12,52,84,1,0,0
20,1,13,46,15,0,0,0
12.09,0,14,51,48,1,0,0
10.25,0,13,51,84,1,0,0
7.5,0,15,49,38,1,0,0
17.489999999999998,0,12,52,66,0,0,0
6.0599999999999996,0,12,48,,1,0,0
15.58,0,12,47,67,0,0,0
31.800000000000001,0,19,46,54,1,0,0
38.460000000000001,1,12,49,42,0,0,0
,0,12,47,1,0,0,0
7,1,12,48,37,1,0,0
5.25,1,12,48,9,1,0,0
57.689999999999998,0,16,49,92,1,0,0
31.93,0,16,46,80,0,0,0
137.36000000000001,0,16,48,74,0,0,0
44.549999999999997,0,16,48,80,0,0,0
46.219999999999999,0,19,52,81,0,0,0
18,0,16,49,65,1,0,0
11.16,0,12,49,44,1,0,0
8.9399999999999995,0,12,50,93,1,0,0
13.35,0,12,49,67,0,0,0
,1,13,45,3,0,0,0
25.039999999999999,0,17,48,66,1,0,0
24.030000000000001,0,19,46,26,1,0,0
13.5,0,12,49,54,0,0,0
13.279999999999999,0,12,46,16,0,0,0
14.83,0,12,51,75,1,0,0
5.4900000000000002,0,12,45,15,0,0,0
7,0,12,50,39,0,0,0
23,0,15,49,92,0,0,0
4,0,13,50,,0,0,0
21.25,0,13,48,,0,0,0
8,1,19,51,97,1,0,0
62.5,0,20,50,84,0,0,0
,0,18,52,70,1,0,0
11.5,1,11,46,1,0,0,0
12.69,1,12,45,15,0,0,0
46.509999999999998,0,12,47,73,0,0,0
26.559999999999999,0,16,49,67,0,0,0
14.5,0,12,46,62,1,0,0
33.460000000000001,0,14,52,39,1,0,0
12.98,1,19,48,87,1,0,0
93.329999999999998,0,18,48,88,0,0,0
,0,14,47,73,0,0,0
,0,14,46,47,0,0,0
12.82,0,18,48,88,1,0,0
31.620000000000001,0,17,52,76,0,0,0
13.619999999999999,1,12,45,24,0,0,0
14.51,1,12,45,13,1,0,0
23.07,0,13,53,69,0,0,0
19.600000000000001,1,16,47,82,1,0,0
17,0,11,45,11,0,0,0
,0,7,51,13,1,0,0
4.7599999999999998,0,12,51,81,0,0,0
,0,16,49,58,0,0,0
19.440000000000001,0,15,46,25,1,0,0
16.5,0,12,47,71,1,0,1
14,1,12,46,9,0,0,0
,0,16,48,91,1,0,0
375,0,18,47,42,1,0,0
8.0999999999999996,1,12,47,38,1,0,0
13.869999999999999,0,12,52,58,1,0,0
21.629999999999999,0,12,47,16,1,0,0
27.879999999999999,1,12,47,38,0,0,0
14.42,0,16,49,49,1,0,0
25,0,12,49,18,1,0,0
13.75,0,14,47,78,1,0,0
12.199999999999999,0,12,46,85,1,0,0
12.17,0,12,50,89,1,0,0
26.350000000000001,0,12,48,74,1,0,0
23.18,0,12,52,80,0,0,0
18.710000000000001,0,12,52,49,1,0,0
10.5,0,12,52,29,1,0,0
,0,12,46,1,0,0,0
17.199999999999999,0,12,51,32,1,0,0
8.5,0,12,50,78,0,0,0
18.629999999999999,0,12,49,58,0,0,0
10.57,0,12,46,63,1,0,0
13.94,1,16,52,99,1,0,0
11.09,0,18,53,98,1,0,0
12,0,12,45,46,0,0,0
12.609999999999999,0,12,51,36,0,0,0
11,0,12,49,49,0,0,0
15.02,0,14,48,67,1,0,0
13.75,0,12,47,21,0,0,0
15.85,0,12,46,16,0,0,0
,0,9,47,5,0,0,0
18.359999999999999,0,12,52,67,0,0,0
12.98,0,12,51,7,1,0,0
50,0,16,52,,0,0,0
18,0,12,50,42,0,0,0
14.300000000000001,0,12,49,21,1,0,0
36.189999999999998,0,13,47,34,1,0,0
28.84,0,12,52,97,0,0,0
45.670000000000002,0,12,50,86,0,0,0
12.43,0,12,52,43,1,0,0
16,0,13,52,47,1,0,0
19.530000000000001,0,12,53,83,1,0,0
15.65,0,12,51,34,1,0,0
14,0,12,51,60,0,0,0
28.84,0,14,48,81,0,0,0
12.82,0,17,46,91,0,0,0
16.5,0,12,52,89,1,0,0
76.920000000000002,0,19,47,99,0,0,0
,0,12,51,14,1,0,0
32.219999999999999,0,12,48,16,0,0,0
24.23,0,12,48,23,0,0,0
7.8099999999999996,1,16,52,74,1,0,0
13.84,0,14,46,43,1,0,0
,1,12,52,31,1,0,0
16.920000000000002,0,18,48,50,1,0,0
76.920000000000002,0,16,45,59,1,0,0
12.119999999999999,0,12,48,63,1,0,0
20.510000000000002,0,17,49,77,1,0,0
18.260000000000002,1,12,48,13,0,0,0
,1,12,46,12,1,0,0
,1,12,49,39,1,0,0
15.09,1,12,48,49,1,0,0
7.3899999999999997,1,10,52,16,1,0,0
51.869999999999997,0,14,47,54,1,0,0
15,0,16,48,52,1,0,0
8.4000000000000004,0,9,47,5,1,0,0
29.530000000000001,1,12,47,12,0,0,0
18.170000000000002,0,17,51,59,1,0,0
,0,14,49,38,1,0,0
267.44,0,12,48,55,0,0,0
27.879999999999999,0,12,46,39,1,0,0
12.5,0,16,45,21,0,0,0
25,0,12,48,33,0,0,0
20.120000000000001,1,16,50,97,0,0,0
24.030000000000001,0,13,52,56,0,0,0
8.75,0,12,50,60,1,0,0
21.530000000000001,0,14,48,90,0,0,0
13.98,0,15,48,46,1,0,0
14,0,15,46,78,0,0,0
10.15,0,12,50,55,1,0,0
,0,12,47,39,1,0,0
12,0,19,49,55,1,0,0
21.91,0,12,45,33,1,0,0
11.109999999999999,0,12,52,49,0,0,0
8,0,12,52,68,1,0,0
34.609999999999999,0,16,50,58,0,0,1
14.640000000000001,1,7,46,2,0,0,0
5.9100000000000001,0,12,50,77,1,0,0
721.14999999999998,0,14,46,71,1,0,0
24,0,14,51,35,0,0,0
34.369999999999997,1,20,46,46,1,0,1
9,0,12,49,25,1,0,0
24.030000000000001,0,16,49,93,0,0,0
31.25,0,13,48,62,0,0,1
0.76000000000000001,0,16,47,63,0,0,1
14,0,16,48,17,0,0,1
20,0,14,47,40,0,0,0
28.48,0,12,49,60,0,0,0
9,0,12,47,35,1,0,0
18.75,0,12,52,24,1,0,0
20.960000000000001,0,13,48,50,1,0,0
26.32,0,12,51,,0,0,0
24.719999999999999,0,16,45,71,0,0,0
9,0,12,46,2,1,0,0
23,0,12,48,35,0,0,0
11.75,1,12,49,82,0,0,0
29.260000000000002,1,14,50,44,0,0,0
20.190000000000001,0,14,50,69,0,0,0
29.800000000000001,0,15,47,54,0,0,0
,0,16,50,94,1,0,0
40.859999999999999,0,13,48,34,0,0,0
12,0,14,46,23,0,0,0
30.760000000000002,0,18,47,63,0,0,0
16.25,0,16,49,37,1,0,0
12,0,12,52,42,0,0,0
,0,8,52,,0,0,0
20.190000000000001,0,12,49,,1,0,0
15,1,11,46,13,0,0,0
9,0,12,52,19,0,0,0
18.34,1,12,52,60,1,0,0
,1,12,46,1,0,0,1
,0,17,46,81,1,0,0
14.17,0,12,49,39,1,0,0
19.260000000000002,0,16,47,71,0,0,0
10.01,0,12,48,35,1,0,0
20.620000000000001,0,15,48,64,1,0,0
34.850000000000001,0,14,48,51,1,0,0
,1,7,47,4,1,0,0
19.23,1,14,46,79,0,0,0
27.5,1,12,48,21,0,0,1
20,1,13,46,13,0,0,1
,1,12,45,21,1,0,1
16.5,0,12,48,17,1,0,1
,0,12,46,16,1,0,1
12,0,11,45,4,0,0,1
10,0,15,46,38,1,0,1
18.100000000000001,0,12,49,81,1,0,0
36.049999999999997,0,12,49,52,0,0,0
9.5,0,13,51,51,1,0,0
28.84,0,16,45,67,0,0,0
11,0,12,47,41,0,0,0
40.609999999999999,0,16,52,99,0,0,0
8.1300000000000008,1,14,52,94,1,0,0
19.800000000000001,0,16,51,99,0,0,0
31.25,0,12,48,33,0,0,0
15,1,10,45,13,1,0,0
24.370000000000001,0,12,47,17,1,0,1
7.25,0,12,49,5,0,0,1
16.5,0,12,50,32,0,0,0
19.23,0,13,50,23,1,0,0
18.609999999999999,1,12,48,52,1,0,0
28.5,1,16,45,79,1,0,0
18.859999999999999,0,13,49,,0,0,0
21.449999999999999,0,12,45,38,1,0,0
31.25,0,16,45,44,0,0,0
8.2400000000000002,0,16,48,46,1,0,0
,0,15,50,59,1,0,0
24.460000000000001,0,18,49,84,1,0,0
26.09,0,16,47,84,0,0,0
72.109999999999999,0,16,47,99,0,0,0
,1,11,48,18,1,0,0
23.25,1,16,49,67,1,0,0
11.220000000000001,0,13,50,49,1,0,0
,0,12,50,78,1,0,0
18.789999999999999,0,12,45,10,1,0,0
,1,12,46,6,1,0,1
9.3200000000000003,1,12,48,6,1,0,1
,1,10,49,5,1,0,1
,0,7,46,8,1,0,1
,0,10,46,6,1,1,0
8.5,0,13,47,18,1,0,1
,0,11,46,1,0,0,1
7.25,0,12,48,14,1,0,1
28.850000000000001,1,14,48,17,1,0,1
14.5,0,12,46,4,0,0,0
2.0299999999999998,0,12,52,11,1,0,1
19.23,1,15,48,43,0,0,1
,0,12,50,33,0,0,1
12,1,14,47,22,1,0,1
15,0,12,45,3,0,0,1
7.25,0,10,50,6,1,0,1
,1,12,47,13,1,0,1
6,0,12,48,7,0,0,1
7.9500000000000002,0,12,50,16,1,0,1
8.4100000000000001,0,12,47,17,1,0,1
,1,13,45,5,0,0,1
,1,6,47,6,1,0,0
16,0,12,45,27,1,0,0
34.609999999999999,1,14,45,46,0,0,0
26.18,0,16,46,77,0,0,0
26.260000000000002,0,15,50,82,1,0,0
,0,12,52,13,1,0,0
,1,12,52,64,1,0,0
13,1,13,49,86,1,0,0
27.469999999999999,0,20,52,89,1,0,0
25,0,16,45,87,1,0,0
6.9000000000000004,0,17,46,49,1,0,0
7.7699999999999996,0,12,49,49,1,0,0
,0,17,46,94,1,0,0
43.009999999999998,0,16,45,94,0,0,0
19.23,0,16,47,44,1,0,0
17,1,15,51,35,1,0,0
39.350000000000001,1,19,47,20,1,0,0
10,1,12,53,53,1,0,0
43.259999999999998,1,16,50,99,1,0,0
19.960000000000001,0,16,52,99,1,0,0
45.189999999999998,0,16,49,87,1,0,0
59.82,0,17,48,89,0,0,0
,0,12,52,46,0,0,0
8.4600000000000009,0,12,48,8,0,0,0
7,1,12,49,20,0,0,1
12.57,0,16,46,20,1,0,1
8.4000000000000004,0,12,49,54,1,0,0
26.920000000000002,0,12,52,77,0,0,0
6.25,0,13,51,10,1,0,0
3.3300000000000001,0,12,46,12,0,0,0
11.5,1,14,49,49,1,0,0
12.01,1,12,50,65,0,0,0
,1,10,49,18,1,0,0
,0,12,48,16,0,0,0
32.689999999999998,0,12,48,71,1,0,0
25.640000000000001,0,16,46,24,0,0,0
52.880000000000003,0,16,48,71,1,0,0
35.969999999999999,0,12,48,27,0,0,0
13.460000000000001,0,12,47,38,0,0,0
12.5,0,16,53,66,1,0,0
24.449999999999999,0,16,51,58,0,0,0
40.380000000000003,1,18,47,99,0,0,0
16.25,1,15,50,65,0,0,0
20.190000000000001,1,13,52,53,1,0,0
10,0,12,49,35,0,0,0
26.219999999999999,0,13,52,91,0,0,0
10.960000000000001,1,17,52,94,0,0,0
16.82,1,14,47,80,1,0,0
39.740000000000002,0,12,49,75,0,0,0
62.009999999999998,0,19,50,97,1,0,0
7.25,0,12,50,16,1,0,0
32.689999999999998,0,14,48,85,0,0,0
24.030000000000001,0,16,49,49,0,0,0
15.84,0,14,48,11,0,0,0
,0,12,46,27,0,0,0
15.75,0,14,53,76,1,0,0
10,1,11,45,30,1,0,1
10,1,10,50,2,1,0,1
15.539999999999999,0,12,48,24,0,0,1
8,1,10,47,6,0,0,1
13.25,1,16,46,18,0,0,1
7.1399999999999997,0,9,50,11,0,0,1
9.2200000000000006,0,12,46,8,1,0,1
8.6500000000000004,0,15,52,18,1,0,1
17.190000000000001,0,17,49,44,1,0,1
27.879999999999999,0,12,47,4,0,0,1
13.99,1,13,50,29,1,0,1
11,1,12,51,3,0,0,1
10.5,1,11,52,6,1,0,1
15,1,12,47,22,0,0,0
29,0,12,53,38,1,0,0
33.649999999999999,1,18,52,62,1,0,0
14.4,1,14,51,65,1,0,0
63,1,16,45,84,0,0,0
28.210000000000001,0,13,50,62,1,0,0
25.960000000000001,0,13,45,59,0,0,0
9.3499999999999996,0,12,46,21,0,0,0
23.329999999999998,1,12,48,75,0,0,0
6.5099999999999998,0,12,48,40,0,0,0
9.8200000000000003,0,12,47,45,1,1,0
,0,12,46,32,0,1,0
40.689999999999998,0,14,49,75,0,1,0
33.020000000000003,1,15,48,65,0,1,0
16.66,0,14,45,16,1,1,0
39.210000000000001,0,12,49,17,0,0,0
,0,12,52,38,0,0,0
19.710000000000001,0,11,49,19,0,0,0
25,0,12,52,93,1,0,0
,0,12,49,5,1,1,0
13.369999999999999,0,12,47,7,1,1,0
6.7300000000000004,0,10,45,13,0,1,0
15,1,11,51,20,1,0,0
9.1500000000000004,1,12,48,23,1,0,0
13.5,1,12,47,66,1,0,0
31,0,12,53,42,0,0,0
,0,12,51,58,1,0,0
9,0,11,50,7,0,0,0
,1,16,49,49,1,0,0
,0,16,50,8,1,0,0
,1,12,50,3,0,0,0
,0,13,51,42,1,0,0
20.34,1,15,48,28,1,0,0
10,1,12,46,18,1,0,0
22,0,12,51,20,0,0,0
32.350000000000001,1,15,48,91,0,0,0
24.800000000000001,1,13,53,33,0,0,0
21.510000000000002,0,12,50,43,1,0,0
,0,10,47,11,0,0,0
8.7699999999999996,0,12,45,24,1,0,0
10.35,0,12,50,34,0,0,0
19.370000000000001,1,15,47,52,0,0,0
,0,12,51,43,0,0,0
14.85,0,12,47,60,1,0,0
3.8399999999999999,0,12,49,9,0,0,0
,0,14,46,31,1,0,0
2.2999999999999998,0,12,46,32,0,0,0
,0,10,51,2,1,0,0
16.5,0,14,46,56,1,0,0
24.030000000000001,0,12,47,90,1,0,0
26.920000000000002,1,12,50,36,1,0,0
57.689999999999998,1,14,49,70,1,0,0
46.149999999999999,0,17,48,83,0,0,0
18.260000000000002,0,12,47,64,0,0,0
,1,12,46,19,1,0,0
35,1,18,51,55,1,0,0
8,0,14,47,42,0,0,0
25.960000000000001,0,16,45,44,1,0,0
19.859999999999999,0,13,51,53,1,0,0
,0,9,49,60,1,0,0
,0,12,51,13,0,0,0
8.1699999999999999,0,12,50,36,1,0,0
10.5,1,12,50,77,0,0,0
11.529999999999999,1,12,49,37,1,0,0
8.7200000000000006,0,13,45,26,1,0,0
0.46000000000000002,0,12,52,33,1,0,0
7.2999999999999998,0,12,48,23,1,0,0
3.0699999999999998,0,12,51,42,0,0,0
11.289999999999999,0,17,48,43,1,0,0
10,0,11,50,34,1,0,0
12.5,0,18,51,99,0,0,0
,0,13,49,94,0,0,0
11.529999999999999,0,19,47,99,0,0,0
8.0099999999999998,0,10,47,18,0,0,0
,0,16,47,86,0,0,0
25,1,16,49,31,1,0,0
16.66,1,12,47,59,0,0,0
,1,12,45,14,1,0,0
21.289999999999999,0,12,45,80,1,0,0
20.670000000000002,0,18,51,87,1,0,0
22.300000000000001,0,12,47,69,0,0,0
12.69,0,12,49,56,1,0,0
17.5,0,12,47,53,0,0,0
,0,12,45,49,1,0,0
9.8800000000000008,1,8,50,18,0,0,0
16.66,1,12,49,18,1,0,0
17.059999999999999,0,12,52,30,1,0,0
,0,12,46,54,1,0,0
12,0,11,46,27,1,0,0
,1,12,48,26,0,0,0
,1,12,47,16,0,0,0
11.210000000000001,0,11,52,17,1,0,0
16.34,0,13,50,70,0,0,0
,0,16,49,63,0,0,0
21.359999999999999,0,20,47,62,0,0,0
307.69,0,12,45,28,1,0,0
14.5,0,12,46,69,0,0,0
35,0,16,53,89,0,0,0
,1,12,52,33,1,0,0
9.1300000000000008,0,12,52,35,0,0,0
10.57,0,12,52,44,1,0,0
47.200000000000003,0,17,48,91,0,0,0
13,0,12,49,51,0,0,0
,1,14,52,64,1,0,0
25.25,0,12,47,72,0,0,0
20.059999999999999,0,12,51,30,1,0,0
36.5,0,14,51,99,0,0,0
59.82,0,16,48,85,0,0,0
11,0,14,46,68,1,0,0
8.2400000000000002,0,12,46,35,1,0,0
6.5899999999999999,0,12,45,14,0,0,0
16.350000000000001,0,17,50,87,1,0,0
21.309999999999999,0,12,47,59,0,0,0
27,0,12,46,81,0,0,0
9.1600000000000001,0,14,53,74,0,0,0
13.130000000000001,0,12,46,17,1,0,0
15.380000000000001,0,12,51,62,0,0,0
32.810000000000002,0,14,50,84,1,0,0
12.529999999999999,0,14,47,,0,0,0
8.0700000000000003,1,12,50,29,1,0,0
19.23,1,17,47,45,0,0,0
7.5,0,12,48,14,1,0,0
7.9500000000000002,0,12,47,24,1,0,0
,0,12,45,18,1,0,0
,0,16,47,66,1,0,0
9.4900000000000002,0,12,52,27,0,0,0
13.26,0,15,49,21,1,0,0
19.949999999999999,0,12,51,38,0,0,0
8.9499999999999993,0,12,49,10,1,0,0
20.420000000000002,0,12,49,38,0,0,0
14.289999999999999,0,12,47,30,0,0,0
31,0,12,48,84,0,0,0
14.01,0,13,47,69,1,0,0
,0,12,52,46,1,0,0
42.549999999999997,0,16,50,50,1,0,0
64.900000000000006,0,16,48,68,0,0,0
8,1,12,45,21,0,0,0
23.530000000000001,0,12,45,26,0,0,1
14.85,0,18,51,96,1,0,0
20.93,0,16,50,60,0,0,0
21.940000000000001,0,16,48,98,1,0,0
16.969999999999999,0,16,46,80,1,0,0
24.41,0,12,49,69,0,0,0
,0,11,50,46,0,0,0
9.5,0,12,49,77,1,0,0
45.380000000000003,0,16,45,91,0,0,0
40.100000000000001,1,19,48,71,1,1,0
24.510000000000002,1,14,45,56,1,0,0
7.6900000000000004,0,12,49,54,1,0,0
15,0,16,52,99,1,0,0
21.100000000000001,1,14,49,72,1,0,0
,0,16,47,89,1,0,0
11.529999999999999,0,14,52,93,0,0,0
21.460000000000001,0,18,50,93,1,0,0
7.6100000000000003,0,16,47,79,1,0,0
30,0,16,47,57,0,0,0
16.149999999999999,0,17,51,93,1,0,0
16.379999999999999,0,12,48,30,0,0,0
9.75,0,12,47,73,0,0,0
13.85,0,12,48,30,1,0,0
10.970000000000001,0,12,48,12,0,0,0
15.07,0,12,47,84,0,0,0
,0,12,49,59,1,0,0
14.5,0,12,48,42,0,0,0
16.100000000000001,0,12,49,10,0,0,0
11.619999999999999,0,12,45,5,0,0,0
31.25,0,13,50,50,1,0,0
14.449999999999999,0,7,49,4,0,0,0
37.979999999999997,0,20,49,98,1,0,0
,0,20,45,91,0,0,0
46.149999999999999,0,16,49,87,1,0,0
16.82,0,12,47,63,1,0,0
13.33,0,12,46,49,1,0,0
,0,15,47,5,0,0,0
28.120000000000001,0,12,47,42,0,0,0
,0,12,50,17,0,0,0
,0,10,50,13,1,0,0
19.670000000000002,0,17,47,33,0,0,0
13,0,13,45,6,0,0,0
,0,12,53,8,1,0,0
,0,12,51,,0,0,0
16.02,0,13,45,64,0,0,0
10.210000000000001,0,19,48,68,1,0,0
33.899999999999999,1,12,49,23,1,0,0
28,0,16,49,83,1,0,0
22.039999999999999,0,16,50,97,1,0,0
19.100000000000001,0,12,48,84,0,0,0
,0,16,48,64,0,0,0
12.5,0,12,46,22,0,0,0
9.6099999999999994,1,13,51,82,0,0,0
25,1,12,50,18,0,0,0
11.619999999999999,1,12,45,56,1,0,0
42,0,14,51,85,0,0,0
,0,16,52,56,0,0,0
21.629999999999999,0,14,50,67,0,0,0
25.300000000000001,0,14,49,,0,0,0
19.23,0,20,46,73,1,0,0
,0,16,47,48,0,0,0
25,0,20,48,74,1,0,0
21.649999999999999,0,14,46,36,1,0,0
8.5,0,18,52,88,1,0,0
27.93,1,12,48,53,1,0,0
62.009999999999998,1,17,46,59,0,0,0
17.75,0,13,49,79,0,0,0
52.880000000000003,1,16,47,99,0,0,0
24.239999999999998,1,12,49,63,0,0,0
13.66,0,12,52,47,1,0,0
,0,16,49,97,0,0,0
12,1,12,51,27,0,0,0
7.75,1,12,50,48,1,0,0
43.369999999999997,0,18,47,84,0,0,0
38.460000000000001,0,14,47,11,1,1,0
47.590000000000003,0,20,52,79,1,1,0
13.84,0,12,48,66,0,1,0
,0,12,46,23,1,1,0
14.52,0,12,45,30,1,1,0
10.01,0,6,49,3,0,1,0
9.4499999999999993,0,12,48,14,1,1,0
6.5,0,10,46,8,1,1,0
28.739999999999998,0,15,51,22,1,1,0
,0,12,48,4,0,1,0
9,1,12,45,8,1,1,0
,0,9,52,15,0,1,0
9,0,9,49,9,0,1,0
,0,12,47,27,1,1,0
8,0,7,46,11,1,1,0
13.550000000000001,0,12,48,19,0,1,0
12.5,0,9,46,4,0,1,0
,0,8,52,1,0,1,0
8.9700000000000006,0,12,50,13,1,1,0
11.23,0,12,51,27,1,1,0
6.9699999999999998,0,12,50,22,1,1,0
9.9499999999999993,0,4,49,,0,1,0
8.3000000000000007,0,7,47,8,1,1,0
27,0,10,51,6,0,1,0
9,0,13,47,28,1,1,0
9.8699999999999992,1,15,48,73,1,1,0
7.75,1,12,48,48,1,1,0
22.66,1,17,49,79,1,0,0
,0,0,47,3,1,1,0
14,0,12,46,7,0,1,0
9.5199999999999996,0,11,50,5,1,1,0
18.16,1,20,50,86,0,0,0
31.25,0,17,50,96,0,0,0
,0,14,49,35,0,1,0
18.600000000000001,0,14,51,67,0,1,0
13.699999999999999,0,12,50,42,1,0,0
11.529999999999999,0,12,47,29,1,1,0
10.09,0,15,46,16,1,1,0
,1,12,49,13,1,1,0
50,1,13,50,15,0,1,0
23.25,1,15,51,66,0,1,0
,0,20,47,52,1,1,0
24.050000000000001,0,14,46,35,0,1,0
11.5,0,12,46,47,0,1,0
6.7599999999999998,0,6,52,1,1,1,0
10.5,0,12,50,7,1,1,0
8.1300000000000008,0,12,49,2,1,1,0
45.979999999999997,1,16,47,28,1,1,0
42.729999999999997,1,16,51,77,0,1,0
18.260000000000002,1,17,51,40,1,1,0
13.41,0,12,46,7,1,1,0
11.06,0,12,47,10,1,1,0
10.44,0,12,45,6,0,1,0
10.68,0,12,49,14,0,1,0
8.8599999999999994,0,12,47,24,1,1,0
15.109999999999999,0,12,45,7,1,1,0
10,0,12,50,50,0,0,0
,0,16,50,23,1,0,1
12.82,0,12,45,13,0,0,1
13.75,0,16,49,89,0,0,0
14.279999999999999,1,9,49,10,0,0,1
14,0,12,51,9,0,0,1
15.380000000000001,0,13,49,16,0,0,1
,0,8,52,6,1,0,1
,1,7,50,1,1,0,1
20.670000000000002,0,9,51,2,0,0,0
14.27,0,12,47,21,1,0,0
44,0,16,48,26,1,0,0
83.909999999999997,0,18,47,87,0,0,0
13.59,0,14,45,80,0,0,0
,0,15,50,53,0,0,0
23.07,0,10,50,46,0,0,0
7.3899999999999997,0,12,49,59,1,0,0
18.5,0,18,50,14,1,0,0
8,0,16,47,38,1,0,0
21,0,12,47,32,0,0,0
11.5,1,12,51,9,0,0,1
12.01,1,13,49,28,0,0,1
15.65,1,14,48,14,1,0,1
13,0,14,46,58,1,0,0
29.32,0,13,48,74,1,0,0
14.42,0,12,49,53,1,0,0
28.600000000000001,0,16,47,87,1,0,0
24.030000000000001,0,16,45,42,1,0,0
12.01,0,12,52,63,0,0,0
18,0,13,52,83,1,0,0
3.75,0,14,47,20,1,0,1
85.579999999999998,0,14,52,32,1,0,0
14.25,0,12,50,72,0,0,0
14.42,0,13,49,32,1,0,0
7.9900000000000002,0,9,52,11,0,0,0
,0,12,52,4,1,0,0
21.809999999999999,1,11,52,23,0,0,1
15.4,0,12,52,,1,0,0
9.6300000000000008,0,12,51,32,1,0,0
17.09,0,12,47,53,0,0,0
15,1,12,45,8,1,0,0
14.83,1,10,48,,0,0,0
17.09,1,12,45,30,0,0,0
,0,12,53,8,0,0,1
,0,12,50,6,0,0,1
11.619999999999999,1,12,51,3,0,0,1
36.32,0,14,47,45,0,0,0
21.149999999999999,0,13,47,73,0,0,0
21.629999999999999,0,14,45,8,0,0,0
33.170000000000002,0,12,49,10,0,0,1
6.9100000000000001,0,12,47,2,1,0,1
24,0,16,50,49,1,0,1
10,0,16,49,32,1,0,1
11.4,0,12,47,16,0,0,1
15.220000000000001,0,14,48,27,0,0,1
2.3999999999999999,0,14,52,87,0,0,0
15,0,12,50,78,1,0,0
25.640000000000001,0,16,48,65,0,0,0
16,1,7,49,14,0,0,0
8.6300000000000008,1,9,49,5,1,0,0
15.5,0,12,49,15,0,0,0
11.66,0,12,45,2,0,0,0
10.15,0,12,50,63,1,0,0
,0,12,47,35,0,0,0
,1,12,47,9,1,0,1
1.4399999999999999,0,12,50,42,1,0,0
,0,12,51,5,1,0,1
14,1,12,47,4,0,0,1
,1,12,48,3,1,0,1
15,1,12,50,3,0,0,1
12.119999999999999,0,12,49,1,0,0,1
26.920000000000002,1,13,47,83,0,0,0
25.399999999999999,1,12,46,56,0,0,0
31.25,0,13,48,23,0,0,1
30.59,0,16,47,26,1,0,1
23.07,1,14,47,13,0,0,1
19.23,0,17,46,64,1,0,0
25,0,12,47,12,0,0,0
,1,12,45,17,1,0,0
33.329999999999998,0,17,49,87,1,0,0
,0,12,47,48,1,0,0
13.9,0,12,46,22,0,0,0
19.239999999999998,0,16,50,80,0,0,0
94.400000000000006,0,18,49,79,1,0,0
17.77,0,13,45,38,0,0,0
40.859999999999999,0,12,49,18,0,0,0
33.649999999999999,0,14,45,60,1,0,0
12.25,0,12,51,8,1,0,0
37.75,0,17,49,76,1,0,0
13.5,0,10,48,23,1,0,0
20.260000000000002,0,12,46,8,1,0,0
3.8399999999999999,1,12,49,42,1,0,0
11.050000000000001,1,12,46,46,0,0,0
39.18,0,16,48,94,0,0,0
31.620000000000001,0,13,51,82,0,0,0
64.900000000000006,0,18,46,75,1,0,0
36,0,14,51,99,1,0,0
27.239999999999998,0,14,53,82,0,0,0
32.960000000000001,0,20,47,99,0,0,0
26.260000000000002,1,19,45,99,1,0,0
15,0,16,50,91,1,0,0
,0,18,48,86,1,0,0
64.900000000000006,0,18,47,98,1,0,0
192.30000000000001,0,18,46,93,0,0,0
17,0,12,52,30,0,0,0
20.670000000000002,0,13,47,52,0,0,0
10.25,0,14,46,34,1,0,0
,0,14,50,76,1,0,0
20.399999999999999,0,12,46,71,0,0,0
55.939999999999998,0,17,46,99,0,0,0
19.629999999999999,1,12,45,32,1,0,0
9.3000000000000007,0,12,52,32,1,0,0
15.65,0,13,48,57,0,0,0
10,0,11,47,20,1,0,0
28.84,0,16,52,57,0,0,0
30.760000000000002,0,18,48,79,0,0,0
43.950000000000003,0,18,46,44,0,0,0
101.98,0,14,49,83,1,0,0
16.579999999999998,0,20,47,96,0,0,0
15,1,9,49,2,0,1,0
20,0,12,49,,0,0,0
,1,6,51,,1,1,0
21.870000000000001,0,12,52,25,1,0,0
,0,12,50,48,1,0,0
14,1,12,49,13,0,0,0
,0,12,47,84,1,0,0
22.109999999999999,0,12,46,30,0,0,0
1.53,1,12,51,55,1,0,0
,0,13,50,64,1,0,1
74.510000000000005,0,16,46,54,1,0,0
,0,20,45,93,1,0,0
107.37,0,19,49,99,0,0,0
51.280000000000001,0,16,48,84,1,0,0
92.450000000000003,0,16,45,44,0,0,0
134.61000000000001,0,18,48,82,0,0,0
12,0,16,47,49,1,0,0
,0,18,49,99,1,0,0
15.029999999999999,0,20,51,99,1,0,0
160.25,0,16,47,91,0,0,0
27.140000000000001,0,19,48,93,0,0,0
81.730000000000004,0,16,48,79,0,0,0
11.529999999999999,0,19,47,87,0,0,0
,0,16,51,91,1,0,0
,0,18,49,90,1,0,0
19.710000000000001,0,18,45,77,1,0,0
20,1,12,48,6,1,1,0
5.7599999999999998,1,12,47,25,0,1,0
12.5,0,15,49,8,0,0,1
45.719999999999999,0,20,52,99,0,0,0
20.190000000000001,0,17,50,79,0,0,0
13,0,12,51,22,0,0,0
15.5,0,12,51,64,1,0,0
13.949999999999999,0,12,49,13,1,0,0
28.649999999999999,1,12,48,42,0,0,0
28.84,0,12,45,27,0,0,0
,0,12,47,53,0,0,0
13.9,1,16,46,94,1,0,0
14.699999999999999,0,18,52,92,1,0,0
18.75,1,16,50,64,1,0,0
8.5,0,7,49,,0,0,0
43,0,18,50,47,1,0,0
25.640000000000001,0,15,52,91,0,0,0
22.300000000000001,0,17,50,,1,0,0
96.150000000000006,0,20,45,92,0,0,0
13.5,0,13,45,11,1,0,1
11.25,0,12,47,50,0,0,1
20,0,13,47,51,0,0,0
36.049999999999997,0,16,46,74,1,0,0
14.5,0,16,52,87,1,0,0
26,0,16,51,64,1,0,0
24.23,0,16,46,62,0,0,0
17.120000000000001,0,10,50,17,0,0,1
21.309999999999999,0,14,47,46,1,0,0
14.42,1,10,48,30,0,0,0
,0,16,49,93,1,0,0
32,0,20,46,72,0,0,0
,0,16,45,60,0,0,0
85.849999999999994,0,20,46,65,1,0,0
,0,12,46,1,0,0,0
32.689999999999998,0,19,51,66,1,0,0
59.82,0,16,48,46,0,0,0
25.640000000000001,0,16,47,57,0,0,0
48.07,0,16,49,65,1,0,0
,1,12,49,,0,1,0
,1,12,45,6,0,1,0
,0,14,49,12,1,1,0
,0,12,52,2,1,1,0
7.6100000000000003,0,9,46,1,0,1,0
,0,12,47,39,0,0,0
22.109999999999999,0,12,46,15,0,0,0
23.109999999999999,0,14,47,71,0,0,0
26.440000000000001,0,12,46,52,0,0,0
21.359999999999999,0,12,47,24,0,0,0
12.82,0,12,51,52,1,0,0
,0,12,47,45,1,0,0
34.609999999999999,0,20,52,99,0,0,0
10.4,0,13,47,37,0,0,0
6.4100000000000001,1,12,45,20,1,0,0
83.650000000000006,0,16,48,99,0,0,0
41.020000000000003,1,16,45,89,0,0,0
,0,16,51,99,1,0,0
65.379999999999995,0,16,49,87,0,0,0
28.84,0,19,46,98,0,0,0
10,0,12,47,57,1,0,0
20,0,16,47,52,1,0,0
11,0,12,47,,1,0,0
22.719999999999999,1,12,50,76,0,0,0
14,0,12,49,31,1,0,0
9.6099999999999994,0,14,50,77,0,0,0
37.600000000000001,0,12,51,73,0,0,0
15.220000000000001,0,12,48,49,0,0,0
21.32,0,13,50,79,0,0,0
20,1,9,46,4,0,1,0
,1,9,49,38,0,0,1
,0,16,52,,1,0,1
,0,14,52,16,1,0,1
36.710000000000001,0,18,48,87,1,0,0
15.949999999999999,0,12,52,63,1,0,0
2.2599999999999998,1,13,46,30,1,0,0
12.75,1,8,46,9,1,1,0
76.920000000000002,0,14,51,65,0,0,0
46.149999999999999,0,16,48,89,0,0,0
,0,18,51,96,0,0,0
10.16,0,16,45,72,0,0,0
31.199999999999999,0,18,48,56,0,0,0
10,0,12,47,35,1,0,0
12,0,12,51,21,1,0,0
14.66,0,16,53,65,0,0,0
19.620000000000001,0,12,48,41,1,0,0
32.869999999999997,0,13,46,14,0,0,0
,0,14,50,97,1,0,0
18.050000000000001,1,12,50,,1,0,1
7.6900000000000004,0,12,51,88,0,0,1
0.76000000000000001,1,15,50,,0,0,1
10,1,11,52,7,0,0,1
96.150000000000006,1,18,53,87,0,0,1
18.75,0,12,46,46,1,0,0
29.899999999999999,0,12,52,90,1,0,0
39.310000000000002,0,12,51,78,0,0,0
25.640000000000001,0,12,49,76,0,0,0
2.1299999999999999,0,13,51,99,1,0,0
21.149999999999999,0,12,48,41,1,0,0
14.75,0,12,46,47,1,0,0
,0,9,49,,1,0,0
18.02,0,12,51,16,1,0,1
,1,13,49,45,1,0,0
25.960000000000001,0,8,50,8,0,0,0
12.08,0,12,47,32,1,0,0
19.920000000000002,0,12,51,74,0,0,0
2.5,1,12,50,31,1,0,0
15,1,12,46,14,0,0,0
12.699999999999999,0,12,51,26,1,0,0
25,0,14,48,53,1,0,0
24.850000000000001,0,12,52,22,0,0,0
72.109999999999999,0,14,50,22,0,0,0
28.84,0,16,52,64,1,0,0
96.150000000000006,0,16,52,94,0,0,0
,0,12,48,,0,0,0
7.5499999999999998,1,16,52,42,1,0,1
8.7200000000000006,1,12,50,6,1,0,1
23.649999999999999,0,14,53,41,1,0,1
,1,16,50,30,1,0,1
14.15,1,12,48,3,0,0,1
15,1,12,45,4,0,0,1
,1,12,45,11,0,0,1
10.300000000000001,1,12,49,19,1,0,1
,0,12,52,12,1,0,1
,0,12,45,30,1,0,1
19.23,1,12,52,30,0,0,1
18,0,12,51,72,1,0,0
10,0,12,48,30,1,0,0
10.32,0,12,46,55,1,0,0
7.75,0,12,45,30,0,0,0
104.16,0,16,49,93,0,0,0
30,0,16,47,80,1,0,0
30.120000000000001,0,11,49,,0,0,0
18,0,8,46,,0,0,0
16.98,0,15,50,93,0,0,0
19.850000000000001,0,12,49,65,1,0,0
18.789999999999999,0,14,45,39,1,0,0
15.99,0,12,52,18,1,0,0
7.25,0,12,51,20,1,0,0
7.5,0,12,52,45,1,0,0
16.59,0,13,51,74,1,0,0
48.07,0,16,47,39,0,0,0
,1,12,49,86,1,0,0
14.25,1,16,46,57,1,0,0
13,0,12,52,29,0,0,0
,0,15,47,54,1,0,0
34.049999999999997,1,15,49,94,0,0,0
17.5,0,10,46,2,0,0,0
11.32,0,10,45,6,0,0,0
13.5,1,12,47,52,1,0,0
10,1,18,45,72,1,0,0
13.220000000000001,0,15,45,34,1,0,0
17.710000000000001,0,12,49,42,1,0,0
25.760000000000002,0,18,48,97,1,0,0
26.309999999999999,0,18,49,89,1,0,0
32.369999999999997,0,18,46,46,1,0,0
15.06,1,12,50,45,1,0,0
12,0,12,49,18,0,0,0
,0,12,47,89,1,0,0
42.780000000000001,0,12,52,65,0,0,0
10.5,0,12,46,26,1,0,0
,0,12,50,10,1,0,0
12.15,0,13,48,30,1,0,0
15.4,1,13,47,85,1,0,0
14.5,1,14,51,80,0,0,0
21.800000000000001,1,12,48,65,0,0,0
8.5,1,12,50,16,0,0,0
17.5,0,12,48,12,0,0,0
15.619999999999999,0,12,49,49,0,0,0
,0,12,47,35,1,0,0
,0,12,51,30,1,0,0
9.6099999999999994,0,18,51,89,0,0,0
30,1,12,51,42,0,0,0
43.259999999999998,0,16,47,99,0,0,0
52.880000000000003,0,18,46,87,0,0,0
32.450000000000003,0,16,48,45,1,0,0
14.75,0,16,48,85,1,0,0
37.950000000000003,0,17,50,59,1,0,0
15.890000000000001,0,12,49,8,1,0,0
60.630000000000003,0,16,51,92,1,0,0
26.219999999999999,0,12,48,39,1,0,0
59.609999999999999,0,18,50,79,0,0,0
296.14999999999998,0,16,48,68,1,0,0
54.079999999999998,0,16,51,98,1,0,0
19.23,0,13,46,21,1,0,0
11.75,0,19,48,83,1,0,0
37.140000000000001,0,16,45,33,1,0,0
21.629999999999999,1,16,49,81,0,0,0
24.030000000000001,1,17,47,,0,0,0
4.7999999999999998,1,15,46,30,0,0,0
23.07,1,16,46,94,1,0,0
13,0,12,51,39,1,0,0
,0,12,50,12,1,0,0
12,0,12,47,34,1,0,0
22,0,16,48,95,0,0,0
55.119999999999997,0,16,50,99,1,0,0
54.270000000000003,0,19,52,91,0,0,0
,0,19,49,99,0,0,0
101.73999999999999,0,18,47,92,0,0,0
103.84,0,20,51,99,0,0,0
69.709999999999994,0,20,49,99,0,0,0
11.300000000000001,0,15,47,,1,0,0
,1,12,48,17,1,0,1
28.649999999999999,1,12,49,15,0,0,1
19.23,0,16,52,60,1,0,0
97.900000000000006,0,19,52,98,0,0,0
,0,16,49,98,1,0,0
,0,16,50,78,0,0,0
170.94,0,20,50,99,0,0,0
11,1,12,50,24,1,0,1
14.75,1,12,45,8,1,0,1
15,1,12,51,39,0,0,1
32,0,12,49,76,0,0,0
17.030000000000001,1,12,48,30,0,0,0
18.800000000000001,0,12,49,65,0,0,0
31.969999999999999,1,12,50,69,0,0,0
19.23,1,12,49,33,1,0,0
27.350000000000001,1,19,53,62,1,0,0
14.25,0,12,48,21,1,0,0
,0,12,51,30,0,0,0
15.65,0,16,46,77,1,0,0
,0,12,47,26,0,0,0
19.809999999999999,0,12,45,37,1,0,0
39.899999999999999,0,16,45,69,1,0,0
42.780000000000001,0,15,46,41,1,0,0
19.23,0,12,52,75,0,0,0
47.200000000000003,0,16,50,94,0,0,0
16.82,1,12,46,62,0,0,0
23.129999999999999,0,12,52,69,0,0,0
,0,18,49,95,0,0,0
7.25,0,13,51,39,1,0,0
26,0,14,48,48,0,0,0
31.920000000000002,0,14,45,56,1,0,0
50.340000000000003,0,18,51,78,0,0,0
11.25,0,14,47,75,1,0,0
18.260000000000002,1,16,48,87,1,0,0
34.130000000000003,0,17,47,56,0,0,0
59.130000000000003,0,20,45,57,0,0,0
13.98,0,10,47,11,0,0,0
28.370000000000001,0,14,46,53,1,0,0
14.890000000000001,0,14,52,71,0,0,0
15.199999999999999,0,15,50,64,1,0,0
11.85,0,12,50,74,0,0,0
10,0,12,45,55,1,0,0
25,0,13,49,54,1,0,0
9.8900000000000006,0,19,52,69,1,0,1
38.460000000000001,1,19,48,88,0,0,0
11.609999999999999,0,12,48,62,1,0,0
,0,16,51,77,1,0,0
16.82,0,18,46,51,1,0,0
10.5,0,12,46,33,1,0,0
21.5,1,12,49,49,0,0,0
48.07,1,12,47,50,0,0,0
18.530000000000001,0,12,46,57,1,0,0
11.529999999999999,0,14,48,42,1,0,0
29.059999999999999,0,14,48,98,1,0,0
21.629999999999999,0,12,46,74,0,0,0
11.25,0,12,47,32,1,0,0
7.4000000000000004,0,12,46,4,1,0,0
13.6,1,12,45,54,1,0,0
5.7599999999999998,0,13,48,90,0,0,0
48.07,0,20,50,89,0,0,0
45.780000000000001,0,18,47,86,0,0,0
17,0,13,52,83,0,0,0
,1,8,46,1,1,0,1
8.75,1,9,49,14,0,0,1
49.509999999999998,0,16,49,80,0,0,0
,1,11,49,22,0,1,0
,0,16,48,43,1,1,0
13,0,12,47,75,0,1,0
10,1,12,45,13,1,1,0
14.880000000000001,1,14,51,32,1,1,0
,1,7,49,,0,0,0
12.949999999999999,1,12,50,5,1,1,0
32.049999999999997,0,16,49,66,0,0,0
,0,20,51,51,1,0,0
,0,12,52,75,0,0,0
53.670000000000002,0,19,51,81,1,0,0
,0,12,50,18,0,0,0
,0,14,47,42,1,0,0
,0,13,48,52,0,1,0
28.84,1,13,49,38,0,1,0
62.5,0,15,46,45,0,0,0
14.279999999999999,0,12,48,14,1,1,0
17,0,13,46,20,1,0,0
72.109999999999999,0,16,52,93,0,0,0
57.689999999999998,0,20,49,88,0,0,0
48.579999999999998,0,18,50,98,1,0,0
9.6099999999999994,1,12,51,10,0,0,1
15.380000000000001,0,13,49,56,0,1,0
14.949999999999999,1,16,51,97,1,0,0
12,0,13,48,68,1,1,0
375.92000000000002,0,18,45,63,1,1,0
,1,12,46,14,1,0,1
13,0,15,53,15,0,0,1
4.0599999999999996,0,14,50,10,1,0,1
27.280000000000001,0,17,49,93,1,0,1
21.629999999999999,1,12,47,14,0,0,1
12.029999999999999,0,11,48,14,0,0,1
15,0,15,49,13,1,0,1
,1,9,50,4,0,0,0
14,0,16,52,47,1,0,1
50,0,16,49,13,1,0,1
,1,12,48,6,1,0,1
13,0,10,50,5,0,0,0
,1,10,45,3,1,0,0
10,1,13,51,14,1,0,1
25.57,0,12,50,18,0,0,1
,0,12,51,10,1,0,1
10.029999999999999,0,12,52,1,0,0,1
20,0,12,48,74,0,0,0
32.689999999999998,0,13,45,14,0,0,0
,1,13,51,22,0,0,0
,1,13,48,,1,0,0
22.73,1,12,48,,0,0,0
,1,12,47,25,0,0,1
39.420000000000002,0,18,48,92,1,0,0
,0,16,50,85,1,0,0
22.68,0,18,48,35,1,0,0
21.629999999999999,0,18,50,29,1,0,0
10.5,0,10,45,23,1,0,0
,0,13,49,48,1,0,0
20,0,12,46,15,0,0,0
18.75,0,12,52,59,1,0,0
11,0,14,46,39,1,0,0
,0,15,50,70,0,0,0
32.049999999999997,0,16,47,72,1,0,0
21.629999999999999,0,12,49,16,0,0,0
38.460000000000001,0,14,47,37,0,0,0
21.530000000000001,0,14,50,79,1,0,0
,1,14,49,42,0,0,0
96.150000000000006,1,18,45,50,0,0,0
14.42,1,15,50,63,0,0,0
11.300000000000001,0,16,45,43,1,0,0
27.690000000000001,0,20,46,58,0,0,0
,0,12,52,35,1,0,0
,0,12,46,58,1,0,0
11.75,0,14,45,31,1,0,0
26.699999999999999,0,20,48,87,1,0,0
45.189999999999998,0,16,45,94,1,0,0
,0,16,50,86,1,0,0
43.439999999999998,0,18,46,55,1,0,0
5,1,12,45,5,1,0,1
,0,15,51,35,0,0,0
33.079999999999998,0,12,47,32,0,0,0
23.809999999999999,0,16,51,42,0,0,0
34.609999999999999,0,18,49,68,0,0,0
11.039999999999999,0,16,51,65,1,0,0
42.479999999999997,0,18,46,77,0,0,0
32.049999999999997,0,14,49,94,0,0,0
30,0,12,48,76,0,0,0
,0,13,46,72,0,0,0
31.25,1,16,50,66,1,0,1
24.859999999999999,0,12,51,79,0,0,0
50,1,20,49,93,0,0,1
,1,17,51,95,0,0,1
27.5,0,13,52,32,0,0,1
22.109999999999999,1,17,45,22,1,0,1
29.059999999999999,0,19,52,69,0,0,1
12.550000000000001,0,12,46,38,1,0,0
,0,12,53,87,0,0,0
262.25,0,12,50,17,0,0,0
20,0,13,49,41,0,0,0
8.9700000000000006,0,16,47,63,1,0,0
24.030000000000001,0,12,49,51,0,0,0
21,0,13,45,89,0,0,0
15.9,0,17,46,64,1,0,0
28,0,16,53,,1,0,0
28.84,0,16,50,75,0,0,0
7.25,0,12,50,,1,0,0
20.440000000000001,0,12,51,90,1,0,0
25.579999999999998,0,12,48,57,1,0,0
21.629999999999999,1,12,46,37,1,0,0
27.879999999999999,1,14,53,42,1,0,0
10,0,14,51,65,0,0,0
48.07,0,13,48,54,1,0,0
14.42,0,18,47,55,1,0,0
11.25,0,16,49,93,1,0,0
19.32,0,14,51,93,1,0,0
6,0,16,47,86,1,0,0
12.5,0,19,52,99,1,0,0
12.5,0,16,52,98,1,0,0
,0,16,49,99,1,0,0
68.680000000000007,0,17,46,89,0,0,0
20.879999999999999,0,13,50,96,1,0,0
11.619999999999999,0,16,51,93,1,0,0
43,1,16,51,44,1,1,0
9.9000000000000004,1,0,52,1,1,1,0
,0,8,50,1,1,1,0
9.9700000000000006,0,7,45,1,1,1,0
23.5,1,12,48,19,0,0,0
15,1,12,50,19,0,0,0
,0,12,50,28,1,0,0
29.780000000000001,1,12,50,82,1,0,0
,0,13,49,,0,0,0
26.559999999999999,0,18,45,,1,0,0
13.75,0,12,46,41,1,0,0
24.510000000000002,1,12,46,16,0,0,0
72.109999999999999,0,12,51,,1,0,0
11,0,12,49,30,1,0,0
12.5,0,14,47,19,1,0,0
15.59,0,14,47,23,1,0,0
10.25,0,16,46,65,1,0,0
,0,12,45,17,0,0,0
36.530000000000001,0,14,49,79,0,0,0
38.460000000000001,0,16,46,42,0,0,0
27.969999999999999,0,16,48,81,0,0,0
22.670000000000002,0,14,46,78,1,0,0
30.34,0,16,45,65,0,0,0
13.35,0,12,52,35,1,0,0
34.049999999999997,0,15,51,88,0,0,0
2.52,0,18,45,92,1,0,0
8.8399999999999999,0,12,47,20,0,0,0
42.460000000000001,0,12,47,42,0,0,0
11.25,0,12,48,14,1,0,0
,0,15,46,26,1,0,0
,1,14,48,49,1,0,0
31,0,12,46,28,0,0,0
31.489999999999998,0,14,52,79,1,0,0
25.539999999999999,0,13,51,17,0,0,0
14.56,0,13,50,14,0,0,0
37.689999999999998,0,14,51,89,1,0,0
72.109999999999999,0,15,48,48,0,0,0
13,0,12,47,26,1,0,0
22.100000000000001,1,12,47,45,0,0,0
33.649999999999999,0,12,52,63,0,0,0
28,1,13,52,60,0,0,0
29.34,0,12,52,45,0,0,0
14.32,0,14,49,75,1,0,0
27.66,0,15,45,72,0,0,0
109.89,0,18,53,,0,0,0
22.969999999999999,0,12,52,53,1,1,0
25.170000000000002,0,14,50,69,1,0,0
12.17,0,16,48,75,1,0,0
14,0,12,47,22,1,0,0
15,0,12,48,,0,0,0
17.02,0,12,47,79,1,0,0
,0,12,45,20,1,0,0
14.6,0,12,48,30,0,0,0
12.16,0,12,47,68,1,0,0
45,0,18,51,98,0,0,0
16.82,0,12,46,30,0,0,0
24.640000000000001,0,12,53,39,1,0,0
8.5,0,12,50,5,1,0,0
9.6099999999999994,0,14,47,31,0,0,0
6.2800000000000002,0,12,46,10,1,0,0
11,0,12,46,49,1,0,0
14.83,0,13,48,26,1,0,0
2.1899999999999999,0,12,49,57,1,0,0
13.279999999999999,0,16,49,90,0,0,0
19.23,0,13,52,68,1,0,0
15,0,12,49,65,1,0,0
45.719999999999999,0,14,51,87,0,0,0
,0,16,51,92,0,1,0
141.56999999999999,0,19,50,96,1,1,0
20.309999999999999,1,12,51,35,1,0,0
19.75,1,12,52,69,0,0,1
,1,9,47,16,0,0,1
16.870000000000001,1,11,49,28,0,0,1
13,1,13,48,5,0,0,1
12,0,13,46,20,1,0,1
,1,12,46,10,1,0,1
17.07,1,14,46,32,1,0,1
22.879999999999999,1,15,45,36,1,0,1
22.600000000000001,0,14,50,43,1,0,1
17.300000000000001,0,14,47,18,1,0,1
8,0,12,48,26,1,0,0
18.789999999999999,0,12,49,73,0,0,0
43.950000000000003,0,16,48,94,1,0,0
17.940000000000001,0,14,45,72,1,0,0
27,0,12,47,77,0,0,0
21.5,0,10,45,47,1,0,0
8.5,0,12,51,34,1,0,0
9.8300000000000001,0,12,49,39,1,0,0
20.120000000000001,0,12,48,21,1,0,0
29.609999999999999,0,17,47,63,1,0,0
6.9699999999999998,0,12,50,93,0,0,0
4.0499999999999998,0,12,46,78,1,0,0
19.199999999999999,1,12,46,2,0,0,0
8,0,12,51,19,0,0,0
15.56,0,12,50,19,0,0,0
19.23,1,12,48,25,1,0,0
,0,12,51,70,1,0,0
,0,14,49,73,0,0,0
10,0,12,48,43,1,0,0
17.800000000000001,0,12,46,20,0,0,0
28.84,1,9,48,12,0,0,0
16.699999999999999,1,9,46,14,0,0,0
10,0,12,47,99,1,0,0
25,0,12,45,99,1,0,0
31.300000000000001,0,12,51,53,0,0,0
,0,12,50,59,1,0,0
26.140000000000001,0,12,47,20,0,0,0
15.73,0,12,53,67,0,0,0
20,0,12,50,78,0,0,0
48.840000000000003,0,16,52,69,0,0,0
80.409999999999997,0,18,48,83,0,0,0
38.869999999999997,0,19,46,99,0,0,0
10.6,0,12,50,26,1,0,0
17.219999999999999,1,13,46,,1,0,0
25.879999999999999,0,14,52,83,0,0,0
34.5,1,18,48,46,0,0,0
23.460000000000001,0,12,50,69,0,0,0
22.07,0,13,50,94,0,0,0
6.5800000000000001,0,12,49,77,0,0,0
22.890000000000001,0,12,47,56,0,0,0
19.25,0,12,46,69,0,0,0
10.91,0,12,50,14,1,0,0
,0,12,49,52,0,0,0
1.8799999999999999,0,14,51,62,1,0,0
15.5,0,12,50,24,0,0,0
22.59,0,16,46,81,1,0,0
32.549999999999997,0,13,53,76,0,0,0
31.969999999999999,0,12,50,59,1,0,0
33.649999999999999,0,12,47,34,0,0,0
21.289999999999999,0,12,51,90,1,0,0
15,0,13,49,60,1,0,0
12,1,11,53,28,0,0,0
33.990000000000002,0,16,52,95,0,0,0
30.52,0,14,49,54,1,0,0
9,0,15,51,30,1,0,0
16,0,12,49,48,1,0,0
7.5,0,12,47,27,0,0,0
15.18,0,12,52,87,1,0,0
19.59,0,19,50,95,1,0,0
16.82,0,12,46,89,0,0,0
48.07,0,16,51,90,0,0,0
38.460000000000001,0,16,49,77,1,0,0
14.1,0,18,48,85,0,0,0
38.75,0,12,48,49,0,0,0
17.75,0,16,47,96,0,0,0
18.629999999999999,0,16,47,90,1,0,0
14.460000000000001,0,16,45,86,1,0,0
24.260000000000002,0,17,51,66,1,0,0
25,1,12,50,67,0,0,0
,0,17,52,70,0,0,0
19.23,0,16,47,71,1,0,0
7.2800000000000002,0,15,45,96,1,0,0
15,0,10,47,10,0,0,0
10.449999999999999,0,12,47,,1,0,0
16.5,0,9,45,9,0,0,0
14.75,1,12,47,14,1,0,0
21.629999999999999,0,18,45,41,1,0,0
22.84,0,12,51,32,1,0,0
,0,9,47,3,0,0,0
4.5,0,12,45,2,0,0,0
28.16,0,18,50,42,1,0,0
25,0,17,46,24,1,0,0
,0,12,46,13,1,0,0
8,0,12,49,39,1,0,0
12.58,0,12,47,10,1,0,0
,0,12,48,42,1,0,0
43.75,0,16,49,69,1,0,0
17,1,10,47,19,1,0,0
,1,12,50,70,0,0,0
13.029999999999999,0,12,46,7,1,0,0
,1,12,49,19,1,0,0
10.35,0,12,49,6,0,0,0
,0,12,49,2,0,0,0
,0,12,48,18,1,0,0
8.6500000000000004,0,12,46,3,0,0,0
8.1300000000000008,0,14,48,34,1,0,0
3.6800000000000002,0,12,52,32,1,0,0
15.380000000000001,1,13,49,86,0,1,0
,0,14,48,70,1,0,0
66.340000000000003,0,19,49,99,0,0,0
76.920000000000002,0,16,53,81,0,0,0
49.090000000000003,0,16,45,42,0,0,0
33.07,0,16,49,83,0,0,0
20,0,16,46,85,1,0,0
40.960000000000001,0,16,47,56,1,0,0
18.260000000000002,0,16,47,56,0,0,0
24.510000000000002,0,16,48,,1,0,0
144.22999999999999,0,16,51,83,0,0,0
34.609999999999999,0,16,50,76,0,0,0
17.48,0,16,49,46,1,0,0
144.22999999999999,0,20,51,99,0,0,0
66.450000000000003,0,18,48,86,0,0,0
,0,12,47,,1,0,0
12.35,1,12,49,14,1,0,1
17.170000000000002,1,9,47,26,0,0,0
20.600000000000001,0,12,51,49,0,0,0
14,1,10,47,49,0,0,1
8.0999999999999996,0,12,47,25,1,1,0
10.4,0,12,47,23,1,0,1
12.5,0,13,52,66,0,1,0
22.91,1,12,52,49,0,1,0
,1,12,51,3,1,0,1
,1,12,49,10,1,0,1
41,0,14,50,73,1,0,0
27.5,0,13,52,55,0,0,0
38.460000000000001,0,16,51,85,0,0,0
29.649999999999999,0,12,49,91,0,0,0
19,0,16,49,52,1,0,0
22.18,0,14,48,,0,0,0
27.899999999999999,0,16,48,73,0,0,0
,0,14,53,58,0,0,0
28.199999999999999,0,15,50,67,1,0,0
,0,12,51,77,0,0,0
34.600000000000001,0,16,47,86,1,0,0
17.850000000000001,0,15,46,46,1,0,0
8.8000000000000007,0,12,52,26,1,0,0
27.600000000000001,0,12,49,79,0,0,0
31,1,12,48,55,0,0,0
7.7000000000000002,0,12,48,40,0,0,0
,0,12,46,73,0,0,0
12,0,13,51,52,1,0,0
13.82,0,14,48,76,1,0,0
,0,12,48,47,1,0,0
23.800000000000001,0,14,52,96,1,0,0
39.57,0,12,46,99,0,0,0
,0,12,45,2,0,0,0
30,0,15,47,73,1,0,0
29.050000000000001,0,12,45,45,1,0,0
26.920000000000002,0,12,50,71,1,0,0
30.050000000000001,0,12,48,54,1,0,0
7.3499999999999996,1,12,48,29,1,0,0
17.050000000000001,0,12,49,59,1,0,0
7.7199999999999998,0,12,48,16,1,0,0
12.699999999999999,0,12,47,21,1,0,0
24.030000000000001,0,9,45,23,0,0,0
29.050000000000001,0,13,49,76,1,0,0
15.75,0,16,49,96,0,0,0
10.119999999999999,1,12,49,36,1,0,0
,1,12,50,2,1,0,0
22.219999999999999,1,12,46,33,0,0,0
,0,13,52,,1,0,0
11.6,0,12,48,,1,0,0
22.109999999999999,1,12,48,83,1,0,0
41.340000000000003,0,12,48,81,1,0,0
57.689999999999998,0,18,47,98,0,0,0
16.02,0,13,49,93,1,0,0
27.800000000000001,0,14,48,39,1,0,0
20.5,0,12,46,42,0,0,0
28.84,0,12,48,,0,0,0
14,0,12,46,,0,0,0
19.23,0,12,52,69,1,0,0
24.670000000000002,0,12,46,87,0,0,0
32.840000000000003,1,15,51,89,0,0,0
16.550000000000001,1,9,48,76,1,0,0
,1,7,51,17,1,0,0
6.9699999999999998,0,14,51,32,1,0,0
23.629999999999999,0,12,48,53,1,0,0
16.210000000000001,0,18,45,72,1,0,0
11.24,0,9,50,,1,0,0
26.920000000000002,0,16,49,73,1,0,0
,0,12,46,92,0,0,0
25.48,0,12,50,65,0,0,0
44.439999999999998,0,17,52,96,1,0,0
27.649999999999999,1,12,46,48,0,0,0
,0,16,50,76,1,0,0
34.609999999999999,0,16,46,32,1,0,0
24.68,0,12,48,28,1,0,0
15,0,14,51,32,1,0,0
2.5,1,15,52,80,1,0,0
22,0,12,53,65,0,0,0
12,0,12,50,26,1,0,0
33.109999999999999,0,14,52,83,1,0,0
47.590000000000003,0,17,51,91,0,0,0
,0,14,51,57,1,0,0
31.25,0,15,45,46,1,0,0
34.609999999999999,0,13,45,68,0,0,0
20.559999999999999,1,13,48,90,1,0,0
18.289999999999999,1,14,46,79,1,0,0
40.859999999999999,1,20,48,56,1,0,0
17.300000000000001,1,16,50,75,1,0,0
13.5,1,17,47,49,1,0,0
16.77,0,13,50,70,1,0,0
40.380000000000003,0,18,49,81,0,0,0
17.260000000000002,0,18,49,87,1,0,0
38.460000000000001,0,16,46,79,0,0,0
10.98,0,14,51,70,1,0,0
29.800000000000001,0,15,49,55,0,0,0
39.240000000000002,0,16,48,84,1,0,0
33.149999999999999,0,16,48,93,0,0,0
48.07,0,16,50,99,1,0,0
23.960000000000001,1,14,47,76,1,0,0
19.23,1,12,49,68,1,0,0
69.230000000000004,0,16,45,81,0,0,0
144.22999999999999,0,16,45,79,0,0,0
1.55,1,18,52,98,1,0,0
11.359999999999999,0,13,47,11,1,0,1
9,0,12,51,2,1,0,1
9.5,1,14,51,,1,0,1
18.600000000000001,1,14,48,30,1,0,1
14.65,1,12,49,7,0,0,1
34.340000000000003,1,12,47,5,0,0,1
4.6799999999999997,1,12,46,8,1,0,1
79.379999999999995,0,15,50,49,0,0,0
23.800000000000001,0,12,45,48,0,0,0
49.509999999999998,1,19,48,94,1,0,0
19.18,1,12,47,46,1,0,0
,1,12,51,43,1,0,0
10.5,1,12,51,10,0,0,1
12.5,0,9,48,40,1,0,1
9.4000000000000004,0,14,49,84,0,0,0
11.01,1,12,50,52,0,0,0
25,1,12,45,60,1,0,0
34.609999999999999,0,12,51,73,0,0,0
14.949999999999999,0,16,49,,0,0,0
14,0,12,48,46,1,0,0
17.940000000000001,0,12,49,58,1,0,0
7.3600000000000003,0,12,47,42,1,0,0
8,0,12,45,41,0,0,0
,0,14,46,77,1,1,0
66.230000000000004,1,20,48,74,0,0,0
38,1,20,46,91,1,0,0
10.27,0,12,50,18,1,0,0
32.119999999999997,0,19,49,98,0,0,0
18.5,0,16,46,90,0,0,0
89.280000000000001,0,19,46,93,0,0,0
59.439999999999998,1,20,46,86,0,0,0
23.07,0,18,50,90,0,0,0
,0,14,50,85,1,0,0
38.460000000000001,0,18,47,81,0,0,0
160.25,0,20,48,81,0,0,0
5.5,0,16,52,85,1,0,0
76.920000000000002,0,20,50,99,0,0,0
35.5,0,16,47,88,0,0,0
18,0,16,48,64,1,0,0
20.899999999999999,0,15,49,81,1,0,0
26.289999999999999,0,14,50,38,0,0,0
13.25,0,12,47,32,0,0,0
42,0,15,50,78,0,0,0
32.049999999999997,0,16,46,55,0,0,0
47.590000000000003,0,17,45,94,0,0,0
13.98,0,13,46,49,0,0,0
11,0,16,49,72,1,0,0
84.609999999999999,0,18,46,78,0,0,0
42.259999999999998,0,16,47,87,0,0,0
24.030000000000001,0,18,48,94,0,0,0
83.329999999999998,0,20,52,94,0,0,0
52.880000000000003,0,16,50,64,1,0,0
48.07,0,17,49,53,1,0,0
62.5,0,16,46,65,0,0,0
,1,14,47,68,1,0,0
,1,12,45,22,1,0,0
21.789999999999999,1,15,51,90,0,0,0
57.189999999999998,1,16,46,99,0,0,0
30.280000000000001,0,17,52,70,1,0,0
36.630000000000003,0,18,48,66,0,0,0
7.8899999999999997,0,12,49,10,0,0,0
16.870000000000001,0,12,48,20,1,0,0
21.149999999999999,0,13,49,62,0,0,0
18.5,0,13,50,54,1,0,0
12.359999999999999,0,16,46,52,0,0,0
18.16,0,18,48,81,1,0,0
30.25,0,15,51,80,1,0,0
,0,18,48,72,1,0,0
2.3999999999999999,1,12,48,,1,0,0
5.4000000000000004,1,16,45,,1,0,0
32.210000000000001,0,18,52,92,0,0,0
8.3900000000000006,0,16,49,17,0,0,0
16.530000000000001,0,19,46,99,1,0,0
25.800000000000001,1,14,46,63,1,0,0
16.82,0,12,47,58,0,0,0
40,0,14,46,75,1,0,0
115.38,0,16,50,80,1,0,0
18.530000000000001,0,16,47,52,1,0,0
46.920000000000002,0,20,45,89,1,0,0
20.510000000000002,0,17,47,96,0,0,0
36.049999999999997,0,18,45,83,0,0,0
31.899999999999999,0,12,51,35,1,0,0
,1,14,50,11,1,0,0
9.6099999999999994,0,12,51,30,1,0,0
,1,11,48,,1,0,1
21.289999999999999,0,12,47,6,0,0,1
26.440000000000001,1,12,48,17,1,0,1
,0,12,50,,1,0,1
10.92,0,12,48,5,1,0,1
9.6099999999999994,1,12,48,,0,0,1
,1,11,53,3,0,0,1
11.5,1,12,49,7,0,0,1
,0,12,48,6,1,0,1
,0,12,47,3,1,0,1
15.6,1,15,46,3,0,0,1
21.43,1,9,51,3,1,0,1
18.84,1,15,51,18,0,0,1
21.5,0,16,52,27,1,0,1
26.440000000000001,0,16,49,27,1,0,1
,0,13,51,27,0,0,1
20,0,12,48,3,0,0,1
34.609999999999999,0,12,50,35,0,0,1
22.359999999999999,1,12,49,10,0,0,1
19.23,1,14,46,10,1,0,1
9.6099999999999994,1,8,47,30,0,0,0
,0,12,51,89,1,0,0
27,1,12,47,34,0,0,0
17.300000000000001,0,18,51,84,1,0,0
79.730000000000004,0,15,47,65,0,0,0
59.289999999999999,0,20,52,86,0,0,1
70.969999999999999,0,16,51,73,0,1,0
16.48,0,16,47,81,0,0,0
8.1300000000000008,0,17,46,75,1,0,0
,1,16,52,75,1,0,0
16.100000000000001,0,17,49,83,1,0,0
29.859999999999999,0,12,49,38,0,0,0
,0,12,47,16,1,0,1
11.66,0,16,46,10,1,0,1
74.480000000000004,0,19,51,96,0,0,0
64.099999999999994,0,16,51,99,0,0,0
,0,12,51,32,1,0,0
,0,13,52,21,0,0,0
18.75,0,12,52,23,1,0,0
11.43,0,12,48,13,0,0,1
20,1,12,50,24,1,0,1
23.07,0,13,46,28,0,0,0
,0,9,48,6,1,0,0
20.32,0,13,52,63,1,0,0
11.960000000000001,0,13,51,35,1,0,0
29.800000000000001,1,14,47,24,1,0,1
16,1,14,46,5,1,0,1
,0,14,51,17,1,0,1
,0,10,51,9,1,0,0
,0,13,47,64,1,0,0
45,0,18,46,31,1,0,0
25,0,12,51,51,0,0,0
17,1,12,51,24,1,0,1
40.619999999999997,1,20,46,28,0,0,1
5.71,1,16,50,46,1,0,1
23.469999999999999,1,13,51,10,0,0,1
17,1,15,45,51,0,0,0
25.18,0,19,45,71,0,0,0
12.25,1,7,49,,0,0,0
,1,13,47,26,1,0,0
5,1,12,48,11,0,0,0
12.25,0,14,47,36,1,0,1
15,0,13,51,8,1,0,1
11,0,13,50,14,1,0,1
10,1,12,49,7,0,0,0
6.04,0,12,46,17,0,0,1
9.3699999999999992,0,13,45,30,1,0,1
35.710000000000001,0,12,46,16,0,0,0
40.799999999999997,0,16,45,91,1,0,0
,1,12,52,1,1,0,0
13,1,12,47,25,0,0,0
12.25,0,12,45,15,1,0,0
13.970000000000001,0,16,50,49,1,0,0
,0,13,45,1,0,0,0
16,1,12,48,75,0,0,0
,0,15,51,80,1,0,0
21.149999999999999,0,12,49,67,1,0,0
14.85,0,13,48,48,1,0,0
19.5,0,12,45,24,0,0,0
,0,15,46,73,1,0,0
12,0,12,46,22,1,0,0
16,0,14,51,71,1,0,0
16.969999999999999,0,13,52,72,1,0,0
23,0,15,49,54,0,0,0
22.440000000000001,0,16,48,30,1,0,0
41.659999999999997,0,12,50,10,0,0,0
,0,9,47,3,0,0,0
7.6900000000000004,0,12,50,76,0,0,0
31.620000000000001,0,12,49,49,1,0,0
12,0,13,47,79,1,0,0
15.550000000000001,0,13,46,71,0,0,0
43.5,0,18,50,47,1,0,0
32,0,14,49,27,1,0,0
216.34,0,18,45,84,0,0,0
28.84,0,16,49,79,0,0,0
19.649999999999999,0,16,46,46,1,0,0
50,1,17,46,71,0,0,0
10,0,14,51,91,1,0,0
,0,12,48,23,0,0,0
25,0,12,47,57,0,0,0
17.300000000000001,0,12,49,,0,0,0
13.949999999999999,0,12,45,76,0,0,0
,0,12,46,46,1,0,0
,0,12,52,73,1,0,0
18,0,12,48,45,0,0,0
,0,8,47,6,0,0,0
,1,12,46,17,0,0,1
,1,8,49,6,0,0,1
17.399999999999999,1,12,46,11,1,0,1
,1,12,48,11,0,0,1
,0,19,46,99,1,0,0
64.900000000000006,1,13,49,74,0,0,0
10.98,1,12,48,63,1,0,0
21,0,12,45,,1,0,0
14,0,13,48,,1,0,0
19.5,1,12,45,12,0,0,0
10,1,10,50,6,0,0,0
,0,12,45,16,1,0,0
15.710000000000001,0,17,52,80,1,0,0
9,0,12,46,24,1,0,0
21.629999999999999,0,16,52,91,0,0,0
100,0,13,52,74,0,0,0
3.3399999999999999,0,12,50,37,1,0,0
27.399999999999999,0,12,46,32,0,0,0
25,0,12,50,42,0,0,0
22.510000000000002,0,18,48,62,1,0,0
29.73,0,18,47,63,1,0,0
11.42,0,18,47,69,1,0,0
,0,18,46,55,1,0,0
32.049999999999997,0,12,48,75,1,0,0
,0,12,49,24,1,0,0
9,1,12,49,30,0,0,0
17.300000000000001,0,15,47,73,0,0,0
17.440000000000001,0,12,51,55,1,0,0
8.7699999999999996,0,12,51,38,1,0,0
35.090000000000003,1,16,46,76,0,0,0
26.809999999999999,0,19,48,94,1,0,0
11.619999999999999,0,16,48,57,1,0,0
,0,14,46,69,1,0,0
,0,12,48,31,1,0,0
12.5,0,11,46,2,0,0,0
,1,12,50,3,1,0,0
8.2899999999999991,1,12,49,8,0,0,0
18.649999999999999,0,12,46,50,0,0,0
25.48,1,16,47,62,1,0,0
14.41,1,12,49,23,0,0,0
10,0,9,53,18,0,0,0
28.359999999999999,0,13,49,37,1,0,0
,0,12,52,8,1,0,0
,1,17,52,98,0,0,0
9.5,0,12,45,6,1,0,1
24.030000000000001,0,18,49,69,1,0,0
16.02,0,13,47,44,1,0,0
6.5,0,12,51,,1,0,0
19.23,0,12,51,67,0,0,0
17.300000000000001,0,14,47,53,0,0,0
16.82,0,12,45,1,0,0,0
19.23,1,13,45,71,1,0,1
10.99,1,14,48,40,1,0,0
12.15,1,12,46,9,1,0,0
11.880000000000001,0,12,47,35,0,0,1
9.5600000000000005,0,12,47,30,0,0,1
,1,8,51,7,1,0,0
8.5,0,12,48,33,0,0,0
27.640000000000001,0,12,46,53,0,0,0
15.75,0,12,47,25,1,0,0
,0,16,47,45,1,0,0
29.800000000000001,0,15,47,30,1,0,0
23.699999999999999,1,12,50,26,1,0,1
,0,13,48,53,1,0,0
10.460000000000001,0,12,51,49,1,0,0
20.670000000000002,0,13,52,60,1,0,0
14.529999999999999,1,15,46,42,1,0,0
,1,13,45,39,1,0,0
18.82,1,9,47,4,0,0,0
35.25,1,12,46,20,0,0,0
10,0,12,49,25,0,0,0
15.73,0,12,46,36,0,0,0
13.460000000000001,0,12,46,55,1,0,0
57.689999999999998,1,12,47,34,0,0,0
,1,7,46,1,1,0,0
,1,12,49,3,0,0,1
,0,14,50,70,1,0,0
52.880000000000003,0,16,48,79,0,0,0
16.09,0,16,47,91,0,0,0
10.720000000000001,0,12,52,16,1,0,1
,0,15,49,58,1,0,1
15.25,0,12,48,4,1,0,1
13.949999999999999,1,14,46,5,1,0,1
10,0,7,48,5,1,0,0
,1,12,45,3,1,0,1
25.48,0,16,52,27,1,0,1
22.609999999999999,1,12,48,38,1,0,1
12,1,11,46,28,0,0,1
,0,11,50,16,1,0,0
5.8499999999999996,1,13,49,32,1,1,0
30,1,16,50,41,1,1,0
,0,12,49,41,1,1,0
,1,12,47,68,1,0,0
,1,5,45,1,0,0,0
48.07,0,18,47,84,0,0,0
,0,16,45,64,1,0,0
,0,20,52,40,1,0,1
13,1,13,45,6,1,0,1
13.369999999999999,0,12,51,1,0,0,1
8.5,0,12,48,1,1,0,1
7.25,0,11,46,4,1,0,1
7.5,1,10,50,15,1,0,1
,0,15,49,12,1,0,1
28.84,0,13,49,2,0,0,1
1.6599999999999999,0,15,50,13,0,0,1
9,0,12,49,1,0,0,1
,0,12,47,5,1,0,1
19.780000000000001,0,20,48,66,1,0,1
4.6500000000000004,0,12,48,1,0,0,1
,0,12,45,3,1,0,1
9.6099999999999994,0,9,50,2,0,0,1
12,0,14,46,27,1,0,1
79.319999999999993,1,16,47,75,0,0,1
10.460000000000001,1,17,48,17,1,0,1
7,0,13,47,3,1,0,1
10.1,1,12,49,,1,0,0
28.350000000000001,0,14,48,27,1,0,0
13.33,1,12,47,46,1,0,0
28,0,11,46,6,0,0,0
13,0,12,49,55,1,0,0
,0,12,45,26,1,0,0
,0,19,52,82,1,0,0
,1,16,52,41,0,0,0
,1,20,50,93,0,0,0
28.120000000000001,0,18,47,80,1,0,0
35.890000000000001,0,13,51,35,1,0,0
37.299999999999997,1,14,47,81,0,0,0
7.5,1,15,46,36,1,0,0
,1,17,50,65,1,0,0
12,0,12,45,26,0,0,0
,0,10,50,18,0,0,0
36.380000000000003,0,13,52,91,1,0,0
,0,15,51,96,0,0,0
16.48,0,12,49,34,0,0,0
31.620000000000001,0,12,46,55,0,0,0
24.09,0,12,47,38,0,0,0
6.7199999999999998,1,12,46,3,0,1,0
72.109999999999999,0,18,49,86,0,0,0
40.380000000000003,0,15,48,52,0,0,0
16.760000000000002,0,15,49,,1,0,0
25,0,14,48,30,0,0,0
28.07,1,14,48,73,0,0,0
,0,12,47,47,1,0,0
,0,12,47,,1,0,0
27.27,0,12,47,21,1,0,0
45,0,14,45,45,1,0,0
3.9500000000000002,1,15,47,46,1,0,0
17.09,0,16,52,58,1,0,0
9.6099999999999994,1,12,50,13,0,0,1
20,0,8,50,17,0,0,0
7.5,1,7,51,48,1,0,0
10,1,12,47,22,0,0,0
8.1500000000000004,0,10,50,6,0,1,0
16.809999999999999,1,13,48,71,1,1,0
4.3600000000000003,0,14,52,24,1,0,0
50,0,12,52,91,1,1,0
10.52,0,12,51,38,0,1,0
,0,15,49,11,1,0,1
21.77,1,16,48,12,0,0,1
24.030000000000001,1,16,48,27,1,0,1
,1,12,50,12,1,1,0
17,1,13,47,15,1,1,0
27.379999999999999,1,12,50,70,0,0,0
18.75,1,14,46,42,1,1,0
,0,15,47,57,1,0,0
31.969999999999999,1,16,46,36,0,0,0
11.75,0,12,47,,1,0,0
85.469999999999999,0,20,47,95,0,0,0
49.030000000000001,0,20,48,83,1,0,0
21.039999999999999,1,14,52,57,1,0,0
40.859999999999999,0,18,53,90,0,0,0
9.5,0,12,50,,1,0,0
31.289999999999999,1,14,51,38,1,0,0
22.57,0,16,51,69,1,0,0
25,0,13,49,54,0,0,0
50,1,20,47,78,0,0,0
22.640000000000001,1,16,46,66,0,0,0
10,0,12,51,60,0,0,0
23.07,0,20,48,80,0,0,0
20.829999999999998,0,12,46,39,0,0,0
26.440000000000001,0,13,48,,1,0,0
,0,12,46,11,1,0,0
4.7999999999999998,0,18,52,89,1,0,0
12.01,0,14,48,89,0,0,0
,0,11,46,50,1,0,0
25.48,1,13,48,49,1,0,0
11.619999999999999,0,15,51,52,0,0,1
11.300000000000001,0,12,48,6,0,0,1
10,1,12,46,11,0,0,1
11.529999999999999,0,12,45,8,0,0,1
45,0,15,51,13,0,0,1
,0,14,49,28,0,0,1
,0,13,46,15,0,0,1
22,0,14,49,66,0,1,0
17.5,0,14,47,48,1,1,0
,0,15,45,47,1,1,0
32,0,12,48,33,0,1,0
9.9299999999999997,1,13,49,41,1,0,1
21.640000000000001,1,12,47,15,0,0,1
17.440000000000001,1,12,46,42,1,0,0
17,1,12,45,70,0,0,0
15.4,1,12,52,51,0,0,0
22,0,12,51,66,0,0,0
32.689999999999998,0,14,48,8,0,0,0
11,1,12,47,44,0,0,0
24.329999999999998,0,11,49,14,0,0,0
,0,12,51,1,0,0,0
16.559999999999999,0,14,50,50,1,0,0
17.940000000000001,0,12,47,51,0,0,0
11.699999999999999,0,12,46,62,1,0,0
10.35,1,12,52,15,1,1,0
,0,13,52,,0,0,0
13.75,0,12,50,38,1,0,0
,0,12,51,,1,0,0
,0,12,50,30,0,0,0
46.109999999999999,1,14,45,45,0,0,0
10,1,10,46,4,0,0,0
17.940000000000001,0,16,51,94,0,0,0
,0,19,51,99,1,0,0
57.5,0,16,50,72,1,0,0
67.299999999999997,0,16,52,86,1,0,0
17.5,0,15,53,59,1,0,0
11.529999999999999,0,16,53,71,0,0,0
27.969999999999999,0,17,51,,1,0,0
31.010000000000002,0,12,52,77,0,0,0
46.240000000000002,0,16,53,83,0,0,0
12,1,13,51,51,0,1,0
,1,12,51,78,0,1,0
9.3000000000000007,1,16,52,28,0,1,0
16.02,1,12,49,77,0,0,0
16.02,1,15,45,76,1,0,0
15.44,1,12,52,35,1,0,0
15,1,12,50,,0,0,0
13.42,0,12,49,35,0,0,0
19.68,0,12,48,44,1,0,0
42.780000000000001,0,18,50,98,1,0,0
16.989999999999998,0,12,49,18,0,0,1
,0,12,47,,1,0,1
25,0,14,53,57,1,0,0
4.8700000000000001,0,12,49,27,1,0,0
18.02,0,13,48,79,1,0,0
,1,13,52,93,0,0,0
9.6099999999999994,0,16,47,96,0,0,0
,1,12,48,12,0,0,0
,0,8,45,,0,0,0
13.43,0,12,47,15,1,0,0
27.16,0,17,47,94,0,0,0
,1,14,50,,0,0,0
17,0,12,45,24,0,0,0
,0,13,52,67,1,0,0
23.550000000000001,0,16,51,60,1,0,0
20.190000000000001,0,12,49,53,0,0,0
31.059999999999999,1,12,46,9,0,0,1
,0,11,52,32,0,0,0
15.140000000000001,0,14,53,,1,0,0
28.149999999999999,0,13,51,65,0,0,0
10.85,1,12,49,2,1,0,1
32.049999999999997,1,12,46,17,0,0,0
,1,20,48,86,0,0,0
153.84,0,16,49,70,0,0,0
52,0,18,46,63,1,0,0
28,0,13,49,41,0,0,0
38.460000000000001,0,16,48,60,0,0,0
,0,14,45,32,1,0,0
13.949999999999999,0,16,46,14,1,1,0
9,1,3,52,2,1,1,0
,0,10,47,11,1,1,0
45,1,12,46,74,0,1,0
14,1,12,45,16,0,1,0
38.460000000000001,1,18,46,81,0,0,0
18.75,1,12,48,51,1,0,0
35.759999999999998,0,20,47,96,1,0,0
13.949999999999999,0,18,49,98,1,0,0
65.379999999999995,0,16,50,92,0,0,0
35,0,12,46,39,0,0,0
75.640000000000001,0,19,49,99,1,0,0
,1,19,46,93,0,0,0
,1,13,48,18,1,0,1
,1,12,51,53,0,0,0
8,1,11,49,6,0,1,0
,0,12,48,21,0,0,0
11.619999999999999,0,16,45,99,1,0,0
12,1,13,46,45,1,0,0
15.619999999999999,0,14,51,80,1,0,0
20,1,12,50,19,0,0,0
6.9299999999999997,1,12,47,21,1,0,0
23.120000000000001,1,14,47,64,1,0,0
57.689999999999998,1,16,45,70,0,0,0
15.380000000000001,1,15,52,45,1,0,0
25.25,0,14,46,32,1,0,0
27.170000000000002,0,12,45,27,1,0,0
,0,14,53,22,0,0,0
,0,10,48,76,1,0,0
,0,12,48,24,1,0,0
14.25,0,12,47,10,0,0,0
,1,12,49,1,0,0,1
10,1,12,50,26,1,0,1
,1,13,50,18,1,0,1
25.960000000000001,1,14,47,49,1,0,0
26.57,1,16,47,32,0,0,0
,1,12,46,10,0,0,0
42.299999999999997,0,13,51,67,0,0,0
,0,12,48,17,1,0,0
48.07,0,18,47,59,0,0,0
68.370000000000005,1,20,46,65,0,0,0
24.43,0,12,49,64,1,0,0
,1,12,46,3,1,0,0
15,1,10,48,11,1,0,0
,1,13,52,24,1,0,0
22.43,1,8,49,18,1,0,0
,0,14,52,76,1,0,0
33.649999999999999,0,18,50,64,1,0,0
80.120000000000005,0,16,49,91,0,0,1
,1,10,49,24,1,0,0
,1,11,50,13,1,0,0
10,0,11,51,,1,0,0
,0,12,47,59,1,0,0
46.149999999999999,0,13,46,89,1,0,0
17.140000000000001,1,12,49,17,0,0,0
,0,10,48,26,1,0,0
20,0,16,51,79,1,0,0
,0,15,50,87,1,0,0
,0,12,49,69,1,0,0
28.260000000000002,0,12,51,54,1,0,0
20.93,1,13,48,30,0,0,0
12.5,1,12,46,54,0,0,0
,1,14,45,29,1,0,0
15,0,14,47,20,0,0,0
27.550000000000001,0,8,45,18,0,0,0
105.76000000000001,0,11,48,2,0,0,0
15.5,1,14,47,21,1,0,0
,1,10,45,6,0,0,0
,0,16,52,81,0,0,0
31.390000000000001,0,14,46,78,0,0,0
54.939999999999998,0,14,50,79,0,0,0
21.059999999999999,0,15,51,84,0,1,0
100,0,15,52,94,0,0,0
50,0,16,49,41,0,0,0
37.979999999999997,0,15,45,23,0,0,0
35,1,12,48,44,0,0,0
53.840000000000003,1,12,47,53,0,1,0
12,1,15,46,34,1,0,0
,0,12,49,68,1,0,0
25,0,14,53,87,1,0,0
15.380000000000001,1,15,46,,0,0,0
39.609999999999999,0,16,49,69,0,0,0
30.760000000000002,0,16,51,87,0,1,0
21.969999999999999,0,13,52,91,1,0,0
24.41,0,14,50,99,0,0,0
5.9500000000000002,1,13,52,75,1,0,0
35,1,16,49,34,1,0,1
19.23,1,12,52,53,1,0,0
,1,15,49,57,1,0,0
31.41,1,16,47,18,0,0,0
,1,12,49,10,1,1,0
33.649999999999999,1,13,47,2,0,1,0
11,1,12,47,11,1,1,0
8.5999999999999996,1,12,45,6,1,1,0
21.149999999999999,0,12,53,66,0,0,0
48.07,0,16,46,75,0,0,0
44.710000000000001,0,18,45,35,0,0,0
16.02,0,17,51,93,0,0,0
,0,12,45,8,1,0,0
16.5,1,12,51,38,0,0,0
18.75,0,12,52,,0,0,0
13.5,0,14,51,79,1,0,0
11,0,12,46,38,1,0,0
1.8300000000000001,0,12,52,11,1,0,0
31.109999999999999,0,12,48,40,0,0,0
53.409999999999997,0,16,46,33,1,0,0
37.200000000000003,1,12,48,77,0,0,0
12,0,15,50,,0,0,0
29.640000000000001,1,12,49,79,0,0,0
38.460000000000001,1,17,46,77,1,0,0
15.1,0,14,50,68,1,0,0
20.210000000000001,0,12,46,38,0,0,0
40.009999999999998,0,12,50,26,0,0,0
5.8099999999999996,0,18,48,35,1,0,0
,0,12,46,41,0,0,0
,0,12,49,59,1,0,0
13.51,0,14,48,80,0,0,0
13.76,0,12,50,49,1,0,0
,0,12,48,11,1,0,0
15.869999999999999,0,13,47,46,1,0,0
18,0,12,45,49,0,0,0
12.4,0,10,48,75,1,0,0
21.18,0,12,45,74,0,0,0
23.219999999999999,1,12,50,49,1,0,0
44,0,17,50,83,1,0,0
38.460000000000001,1,18,48,42,1,0,0
,0,13,52,49,1,0,0
9.25,0,12,50,40,1,0,0
12.630000000000001,0,14,48,40,0,0,0
,1,12,49,18,0,0,0
,0,12,53,21,0,0,0
14.75,0,14,50,75,1,0,0
15.75,0,14,46,49,1,0,0
30.760000000000002,0,16,51,94,0,0,0
38.920000000000002,0,17,51,72,0,0,0
66.879999999999995,1,20,49,91,0,0,0
,1,16,51,85,0,0,0
,1,14,46,55,1,0,0
9.1500000000000004,0,12,47,,1,0,0
11,0,12,45,,0,0,0
25.18,0,17,46,89,1,0,0
11.5,0,12,48,12,1,0,0
11.5,1,12,48,7,0,0,0
18.75,1,12,48,66,0,0,0
,0,12,46,18,1,0,0
32,0,12,45,12,0,0,0
16.82,1,15,46,27,1,0,0
54,0,15,52,85,1,0,0
84.129999999999995,0,20,51,79,1,0,0
,1,14,52,57,1,0,0
,1,12,50,48,1,0,0
36,0,12,46,41,0,0,0
7.9000000000000004,0,16,47,80,1,0,0
34,0,16,45,55,1,0,0
43.5,0,13,50,46,0,0,0
120.19,0,18,49,62,0,0,0
32.469999999999999,0,17,47,82,0,0,0
35.5,0,14,49,45,0,0,0
21,0,12,46,1,1,0,0
12.5,1,12,48,3,1,0,0
11.5,1,12,46,43,1,0,0
45,0,13,46,44,0,0,0
27.5,0,14,47,25,0,0,0
20.510000000000002,1,16,51,65,1,1,0
38.460000000000001,1,16,45,63,0,0,0
,1,15,50,74,1,0,0
,0,16,49,67,1,0,0
27.010000000000002,0,16,49,82,0,0,0
23.07,1,12,47,6,1,0,0
20.829999999999998,1,16,45,38,0,0,0
32.960000000000001,0,14,46,52,1,0,0
40.859999999999999,0,12,52,,0,0,0
28.219999999999999,0,14,48,70,0,0,0
28.84,0,16,46,99,1,0,0
11.42,0,12,49,13,1,0,0
12,0,18,49,64,1,0,0
91.659999999999997,0,16,49,72,0,0,0
20,0,14,45,17,0,0,0
11,1,12,47,21,1,0,0
,1,11,49,13,0,0,0
8.2400000000000002,1,14,50,25,1,0,0
20.75,0,12,52,6,0,0,0
19.23,0,13,49,40,1,0,0
,0,12,45,16,1,0,0
17,1,14,50,69,1,0,0
1.9199999999999999,0,12,49,63,0,0,0
2.8199999999999998,1,12,48,8,0,0,0
10,0,18,52,63,1,0,0
28,1,13,51,73,1,0,0
50,0,17,51,89,1,0,0
42.380000000000003,0,13,47,67,0,0,0
61.530000000000001,0,16,50,95,0,0,0
,0,16,49,95,1,0,0
13.460000000000001,0,12,47,66,1,0,0
54.049999999999997,0,18,49,89,1,0,0
19.23,0,20,46,83,1,0,0
,0,16,47,41,0,0,0
42.689999999999998,1,16,51,86,0,0,1
61.810000000000002,0,16,46,75,0,0,0
11.529999999999999,0,14,48,70,0,0,0
,0,16,50,79,1,0,0
41.659999999999997,0,12,49,52,0,0,0
46.729999999999997,0,14,47,81,0,0,0
14.369999999999999,0,12,50,,1,0,0
,0,16,48,71,1,0,0
,0,16,47,72,1,0,0
45.670000000000002,0,12,45,42,0,0,0
,0,12,53,18,0,0,1
20,0,12,49,20,1,0,1
15,0,12,47,4,0,0,1
29.059999999999999,0,15,49,46,1,0,0
23.550000000000001,0,12,46,59,1,0,0
31.489999999999998,0,12,50,5,0,0,0
8.25,0,14,48,40,1,0,0
13,1,12,51,24,0,0,0
29.800000000000001,0,12,52,57,0,0,0
15,0,12,48,36,0,0,0
20.25,0,16,51,76,1,0,0
8.5,0,12,51,15,1,0,0
18.300000000000001,0,16,51,40,1,0,0
8.25,0,14,51,64,0,0,0
,1,11,46,43,1,0,0
11.289999999999999,0,11,50,17,0,0,0
11.92,0,12,47,19,0,0,0
8.5500000000000007,1,11,50,10,1,0,0
17.420000000000002,0,12,48,20,1,0,0
,0,12,50,19,1,0,0
15.5,1,9,46,11,0,0,0
4.7999999999999998,0,16,50,66,0,0,0
16.649999999999999,1,14,52,76,0,0,0
5.7599999999999998,0,12,45,35,0,0,0
14.4,0,16,50,84,1,0,0
,1,12,50,,1,0,0
21.449999999999999,0,12,47,30,1,0,0
13.859999999999999,0,12,46,12,0,0,0
12.82,1,12,49,35,1,0,0
17.59,0,12,49,53,1,0,0
,0,12,49,18,0,0,0
22,1,12,46,49,0,0,0
16.34,0,16,51,98,1,0,0
40.380000000000003,0,18,50,86,1,0,0
20.460000000000001,0,12,48,43,0,0,0
72.640000000000001,0,18,46,99,0,0,0
21.629999999999999,0,18,48,83,1,0,0
31.25,0,12,51,57,0,0,0
28.420000000000002,0,17,46,85,0,0,0
,0,12,52,39,1,0,0
14.529999999999999,0,12,47,32,1,0,0
22.800000000000001,0,15,52,42,1,0,0
18.5,0,12,46,47,0,0,0
0.46999999999999997,0,16,48,83,1,0,0
11.609999999999999,0,19,51,92,0,0,0
19.23,1,13,50,90,1,0,0
,0,12,50,56,1,0,0
17,0,12,46,41,0,0,0
14.5,1,12,52,51,1,0,0
8.6500000000000004,1,12,52,57,1,0,0
19.23,0,12,47,18,0,0,0
10,0,12,49,35,1,0,0
9.8499999999999996,0,12,46,12,1,0,0
7.6100000000000003,0,12,46,4,0,0,0
13.65,0,12,50,41,1,0,0
13.07,0,9,51,12,0,0,0
0.80000000000000004,1,10,50,13,1,0,0
11.9,0,12,51,,1,0,0
10.09,0,12,47,60,1,0,0
11.75,0,12,45,,0,0,0
9.3800000000000008,1,11,49,14,1,0,0
32.340000000000003,0,12,50,50,0,0,0
12.09,0,12,45,31,1,0,0
,0,12,46,,1,0,0
52.560000000000002,0,16,46,79,0,0,0
38.460000000000001,0,14,45,50,0,0,0
35.090000000000003,0,16,45,73,1,0,0
10.359999999999999,0,14,47,43,1,0,0
13,0,15,52,63,1,0,0
24.030000000000001,0,16,47,34,1,0,0
11.720000000000001,0,13,46,85,1,0,0
5.8099999999999996,0,12,46,44,1,0,0
13.98,0,15,48,68,0,0,0
,0,12,50,35,0,0,0
13.449999999999999,0,11,52,46,1,0,0
23.93,0,12,49,77,0,0,0
13.380000000000001,0,11,47,11,1,0,0
21.579999999999998,1,13,51,93,1,0,0
26.219999999999999,0,16,48,99,1,0,0
32.549999999999997,0,14,45,49,0,0,0
32.960000000000001,0,14,50,91,1,0,0
76.920000000000002,1,18,46,87,0,0,0
7.2599999999999998,0,12,50,90,0,0,0
13.35,0,12,51,92,1,0,0
15.109999999999999,0,16,49,50,1,0,0
28.280000000000001,1,16,45,93,1,0,0
11.529999999999999,0,12,52,65,1,0,0
14.42,0,12,48,70,0,0,0
21.149999999999999,0,14,52,91,0,0,0
27.77,0,18,49,75,1,0,0
29.91,0,16,48,73,0,0,0
65.730000000000004,0,16,47,82,0,0,0
96.150000000000006,0,16,45,82,0,0,0
35.25,0,18,45,74,0,0,0
33,0,14,48,85,0,0,0
56.789999999999999,0,17,46,67,1,0,0
35.57,1,16,47,43,0,0,0
,1,12,52,71,1,0,0
,1,9,49,36,1,0,0
9.5,0,13,45,42,1,0,0
12.5,1,15,47,78,0,0,0
,0,16,47,70,1,0,0
17.84,0,18,46,55,1,0,0
24.27,0,16,45,38,0,0,0
9.6099999999999994,0,14,45,19,1,0,0
,1,12,48,49,0,0,0
,1,12,47,63,0,0,0
,0,17,48,43,1,0,0
9.75,0,12,46,38,1,0,0
8,0,12,47,13,1,0,0
18.100000000000001,1,14,47,58,0,0,0
29.32,1,13,45,49,0,0,0
32,0,14,47,80,0,0,0
30,0,12,49,81,0,0,0
20.190000000000001,1,14,50,87,0,0,0
22,1,12,47,76,0,0,0
20.059999999999999,1,13,46,83,0,0,0
,0,12,49,20,1,0,0
15.93,0,12,47,36,1,0,0
16.850000000000001,0,15,46,47,1,0,0
,1,12,49,44,1,0,0
12.359999999999999,0,20,46,68,1,0,0
18.260000000000002,0,16,48,98,1,0,0
22.800000000000001,0,17,46,20,1,0,0
26,0,16,48,85,1,0,0
42.299999999999997,0,18,49,95,1,0,0
36.850000000000001,0,14,47,23,0,0,0
14,0,12,48,58,1,0,0
24.030000000000001,0,16,52,98,0,0,0
19.23,0,18,47,87,1,0,0
14,0,12,52,69,0,0,0
17.25,0,14,50,51,1,0,0
38.289999999999999,0,14,52,83,0,0,0
9,0,12,51,79,1,0,0
21.629999999999999,0,13,52,69,0,0,0
20.670000000000002,1,12,51,88,0,0,0
20.969999999999999,0,18,46,72,1,0,0
19.440000000000001,0,12,49,50,0,0,0
13.73,0,14,52,80,0,0,0
12.77,0,13,52,58,1,0,0
25,1,16,49,67,0,0,0
38.460000000000001,0,16,48,71,0,0,0
28.609999999999999,0,16,46,65,0,0,0
50.479999999999997,0,16,51,90,0,0,0
46.149999999999999,0,16,48,71,0,0,0
14.5,0,18,47,49,0,0,0
11,1,14,48,13,1,0,0
24.350000000000001,0,12,53,50,0,0,0
16.5,0,12,50,19,0,0,0
11.25,0,12,51,38,0,0,0
14.74,0,12,51,34,0,0,0
0.47999999999999998,0,12,47,13,0,0,0
8.75,0,12,45,9,1,0,0
282.05000000000001,0,20,50,90,0,0,0
19.370000000000001,0,16,45,23,1,0,0
12.5,0,13,46,72,0,0,0
23.66,0,12,45,42,0,0,0
18,1,12,50,22,0,0,0
13,1,8,49,1,0,0,0
,1,11,45,3,1,0,0
,1,12,52,4,0,0,0
,1,9,48,3,0,0,0
33.140000000000001,1,18,49,38,1,0,0
16.440000000000001,1,14,46,38,1,0,0
30.190000000000001,0,20,50,98,0,0,0
10.09,0,13,45,32,1,0,0
10,0,10,46,13,0,0,0
16.379999999999999,0,13,51,51,1,0,0
17.48,1,12,49,73,1,0,0
21.789999999999999,0,12,51,65,0,0,0
42.729999999999997,0,16,45,70,1,0,0
14.449999999999999,0,14,49,46,1,0,0
10.609999999999999,0,13,47,41,1,0,0
13.75,0,14,45,64,1,0,0
17.48,0,12,52,63,0,0,0
17.300000000000001,0,15,50,59,1,0,0
8.2400000000000002,0,12,48,17,1,0,0
,0,9,52,1,0,0,0
,0,7,51,24,0,0,0
18,0,8,46,2,0,0,0
,0,13,46,28,1,0,0
6.9699999999999998,0,16,52,65,0,0,0
12.94,0,12,51,8,0,0,0
,0,7,46,11,0,0,0
22.109999999999999,0,12,45,14,0,0,0
27.5,0,14,50,29,1,0,0
19.23,0,12,49,54,0,0,0
13.67,0,8,49,4,0,1,0
12.5,0,8,46,3,1,1,0
,0,9,52,18,1,1,0
19.23,0,12,47,26,1,0,0
10,0,13,46,66,1,0,0
33.649999999999999,0,19,47,57,1,0,0
16,0,12,45,52,1,0,0
28.84,0,16,45,49,1,0,0
10.220000000000001,1,10,47,13,1,0,0
10,1,12,45,23,1,0,0
20.93,0,14,47,99,1,0,0
18.68,1,10,52,25,0,0,0
38.460000000000001,0,13,47,54,0,0,0
17.440000000000001,0,13,46,57,1,0,0
20.829999999999998,0,12,47,64,0,0,0
34.609999999999999,1,16,51,78,0,0,0
9.0099999999999998,0,12,51,63,1,0,0
,0,13,51,66,1,0,0
38.18,0,14,46,75,1,0,0
15.859999999999999,0,12,48,8,0,1,0
,0,16,47,15,1,1,0
5.7599999999999998,0,13,46,10,1,1,0
8.5,0,13,48,30,1,0,0
19.23,0,15,49,78,1,0,0
,0,12,51,83,1,0,0
28.640000000000001,0,18,52,94,1,0,0
48.07,0,15,45,68,1,0,0
,1,8,49,12,0,0,0
7.25,1,12,48,14,1,0,0
,0,12,48,1,1,1,0
15,0,14,46,20,1,1,0
,0,10,49,41,0,0,0
17,0,12,46,17,0,0,0
8.8699999999999992,0,12,48,67,1,0,0
,0,12,46,7,0,0,0
41.850000000000001,0,12,52,20,0,0,0
14.25,0,15,50,89,1,0,0
,0,16,49,68,1,0,0
26.620000000000001,0,16,49,87,1,0,0
115.38,0,20,48,83,1,0,0
,0,12,48,41,1,0,0
35,0,15,48,71,1,0,0
28.329999999999998,0,20,47,74,0,0,0
6.5999999999999996,0,18,52,85,1,0,0
115.38,0,20,51,96,0,0,0
57.689999999999998,0,17,48,69,1,0,0
,0,16,48,83,1,0,0
109.5,0,19,52,75,1,0,0
113.31999999999999,0,19,46,99,0,0,0
,0,12,51,27,0,0,0
52.439999999999998,0,18,47,95,0,0,0
137.36000000000001,0,20,46,80,0,0,0
38.460000000000001,0,14,46,42,0,1,0
,1,10,46,10,1,0,0
,1,12,49,35,1,0,0
49.140000000000001,0,14,50,94,0,0,0
30,0,16,49,98,1,0,0
36.049999999999997,1,17,52,98,0,0,0
24,1,17,49,99,0,0,0
320.50999999999999,0,15,47,74,0,0,0
20.059999999999999,0,19,50,73,1,0,0
43.259999999999998,1,12,52,45,0,0,0
,1,13,48,67,1,0,0
21.850000000000001,0,15,50,59,1,1,0
98.549999999999997,0,17,50,96,1,0,0
57.689999999999998,0,16,49,99,0,0,0
15.630000000000001,0,14,46,44,0,0,0
19.23,0,12,49,77,1,0,0
36.049999999999997,0,12,49,83,0,0,0
60.090000000000003,0,13,49,55,0,0,0
,0,15,51,63,1,0,0
,0,20,48,98,0,0,0
10.09,0,14,51,44,1,0,0
33.439999999999998,0,18,46,48,0,0,0
7.8399999999999999,0,12,48,19,1,1,0
14.33,0,13,50,13,1,0,1
11.039999999999999,0,13,46,29,1,0,1
,1,20,52,99,1,0,0
38.890000000000001,0,12,53,13,0,1,0
15.76,0,14,50,73,0,0,0
,0,13,50,71,1,0,0
,0,12,48,30,1,0,0
24.780000000000001,0,12,45,65,0,0,0
,0,13,47,21,1,0,0
6.1500000000000004,0,20,49,53,0,0,0
6.4100000000000001,0,14,47,41,1,0,0
7.25,0,14,49,24,1,0,1
12.24,1,12,52,30,1,0,0
3.48,1,12,51,40,1,0,0
16.579999999999998,1,13,45,47,1,0,0
11.529999999999999,0,12,47,30,1,0,0
10.57,0,9,50,58,1,0,0
,0,17,52,68,1,0,0
9.0500000000000007,0,18,46,44,1,0,0
64.900000000000006,0,16,47,63,0,0,0
,1,8,51,2,0,0,0
9.5,1,12,47,16,1,0,0
2.7400000000000002,0,12,47,23,0,0,1
,1,12,51,27,1,0,1
,0,12,52,27,0,0,1
40.060000000000002,0,15,46,16,0,0,1
14.720000000000001,1,15,52,25,1,0,1
3.4100000000000001,1,12,53,21,0,0,1
14.43,0,13,51,20,1,0,1
9.6799999999999997,0,10,49,9,1,0,1
,0,11,47,26,0,0,1
,1,12,51,16,0,0,1
,0,12,51,4,0,0,1
,0,12,46,3,0,0,0
10,0,12,45,,1,0,1
,0,12,47,9,1,0,1
,0,12,50,13,1,0,1
4.1799999999999997,1,12,47,2,1,0,1
14.529999999999999,1,12,45,3,1,0,1
40.700000000000003,0,20,46,46,1,0,0
,0,16,48,48,0,0,0
,0,16,47,65,0,0,0
5.4900000000000002,1,13,51,23,0,0,0
9.6099999999999994,0,20,46,67,0,0,0
29.920000000000002,0,18,47,59,1,0,0
55.549999999999997,0,12,48,35,0,0,0
,0,14,51,52,1,0,0
34.609999999999999,0,16,45,82,1,0,0
10.800000000000001,0,15,49,69,1,0,0
13.92,1,15,50,63,1,0,0
15.48,1,14,48,49,0,0,0
20.670000000000002,1,14,47,62,1,0,0
19.23,0,12,46,22,0,0,0
79.909999999999997,0,19,47,81,1,0,0
25.640000000000001,0,16,52,78,1,0,0
5.4900000000000002,0,12,47,24,0,0,0
26.870000000000001,0,12,50,65,1,0,0
,0,12,51,41,1,0,0
7.5,1,10,50,14,1,0,0
,0,14,51,16,1,0,1
20,0,12,51,83,1,0,0
10,1,12,50,13,0,0,0
10,1,12,49,42,1,0,0
19.75,0,16,50,91,1,0,0
16.120000000000001,0,14,52,79,1,0,0
13.949999999999999,0,15,47,47,1,0,0
14,0,11,48,56,1,0,0
21.09,0,16,46,71,0,0,0
16.489999999999998,0,12,48,9,0,0,0
,0,13,45,51,1,0,0
7.0499999999999998,1,10,50,36,0,0,0
12.5,1,12,49,16,0,0,0
7.5,1,15,47,35,1,0,0
4.3300000000000001,0,12,52,26,0,0,0
24.75,0,16,50,56,1,0,0
19.23,0,12,50,80,0,1,0
18.5,0,12,48,62,1,1,0
,0,17,47,81,1,1,0
16.02,0,12,48,54,0,0,0
14.199999999999999,1,12,50,59,0,0,0
23.07,1,12,47,6,0,0,0
,0,12,52,51,0,1,0
2.1600000000000001,1,12,52,31,1,0,0
10,0,13,48,59,0,0,0
33.649999999999999,1,13,50,75,1,0,0
29.800000000000001,0,18,48,69,1,0,0
15.039999999999999,1,12,45,37,1,0,0
42.539999999999999,0,13,46,44,0,0,0
25,0,12,50,45,0,0,0
1.04,0,12,48,22,1,0,0
19.23,0,12,51,,0,0,0
15.1,1,12,47,47,0,0,0
39.609999999999999,1,12,47,73,1,0,0
19.73,1,13,46,77,1,0,0
,0,12,50,15,0,0,0
9.6099999999999994,1,16,46,88,0,0,0
27.5,0,12,50,32,0,0,0
12.01,0,18,48,72,0,0,0
11.43,0,20,45,49,1,0,0
,0,20,51,92,0,0,0
27.649999999999999,0,13,48,62,0,0,0
20.780000000000001,1,12,49,43,1,0,0
,1,14,47,32,0,0,0
13.789999999999999,0,13,49,64,0,0,0
3.7200000000000002,0,12,46,40,1,0,0
10.02,0,12,45,38,1,0,0
38.460000000000001,1,14,48,72,0,0,0
,1,10,50,9,0,0,0
12.140000000000001,1,12,45,20,0,0,0
25,1,20,45,76,0,0,0
9.3000000000000007,0,12,51,38,0,0,0
16.149999999999999,0,13,49,67,0,0,0
23.25,0,16,51,62,1,0,0
12.449999999999999,0,12,48,45,1,0,0
10,0,14,49,81,1,0,0
18.25,0,12,48,18,0,0,0
37.009999999999998,0,16,47,42,1,0,0
15.23,0,12,48,49,1,0,0
43.259999999999998,1,17,46,63,0,0,0
,0,12,52,51,1,1,0
11.02,0,15,52,58,1,0,0
34.170000000000002,0,13,46,4,0,1,0
,0,10,52,,0,0,0
,0,14,52,62,0,0,0
7.5,0,12,49,71,1,0,0
10.25,1,12,47,23,1,0,0
12.300000000000001,1,17,52,80,1,0,0
,0,17,47,67,1,0,0
19,1,12,47,10,0,0,0
,1,11,46,6,1,0,0
17.300000000000001,1,10,46,38,0,1,0
40.689999999999998,1,12,50,58,0,1,0
31.25,0,12,47,24,1,0,0
,0,15,46,23,0,0,0
21.629999999999999,0,14,52,13,0,1,0
55.469999999999999,0,17,47,46,0,1,0
9.1099999999999994,0,12,52,,1,0,0
28.84,0,12,49,33,1,0,0
41.25,1,16,51,90,0,0,0
19.5,0,13,53,49,0,0,0
27.690000000000001,0,17,50,42,1,0,0
18.16,0,14,49,27,0,0,0
8,1,12,47,12,1,0,0
,1,13,46,7,1,0,0
,0,12,47,46,1,0,0
37.009999999999998,0,14,46,14,0,0,0
6.4100000000000001,0,12,47,63,0,0,0
12.57,1,12,45,13,0,0,0
,0,12,51,25,1,0,0
6.25,0,16,45,,1,0,0
26.440000000000001,0,14,51,59,0,1,0
32.479999999999997,0,16,49,41,0,1,0
87.409999999999997,0,20,47,53,0,1,0
17.199999999999999,0,15,46,41,1,1,0
,0,12,48,52,1,0,0
37.770000000000003,0,14,51,44,0,0,0
17.5,0,13,47,65,0,0,0
19.23,0,18,45,80,0,0,0
27.350000000000001,0,12,49,20,0,0,0
17,0,12,47,33,0,0,0
21.579999999999998,1,15,46,30,1,0,0
50.439999999999998,1,13,46,36,0,0,0
20.52,0,13,49,28,1,0,0
40.859999999999999,1,13,47,26,1,0,0
23.25,1,12,52,30,0,0,0
21.489999999999998,1,12,46,38,1,0,0
8,0,15,50,19,1,0,0
,1,12,48,18,0,0,0
14.57,1,12,48,42,1,1,0
,0,12,49,53,1,0,0
17.5,0,14,52,66,0,0,0
29.800000000000001,0,16,52,12,1,0,0
,0,12,51,4,1,0,0
52.079999999999998,1,14,46,40,0,0,0
22.789999999999999,0,13,49,6,0,0,0
15,0,12,52,82,1,0,0
,0,11,47,11,0,0,0
,0,12,48,37,1,0,0
14.800000000000001,1,12,47,39,1,0,0
12.01,0,13,50,32,0,0,0
,0,14,50,39,1,0,0
6.2000000000000002,0,12,47,42,1,0,0
9.5,0,13,47,14,1,0,0
26.739999999999998,0,12,45,19,0,0,0
17,0,8,49,7,0,0,0
14.039999999999999,0,12,47,14,1,0,0
19.440000000000001,0,12,49,8,0,0,0
20,0,12,48,37,0,0,0
16.399999999999999,0,12,49,1,1,0,0
,0,12,47,22,1,0,0
13.24,0,16,51,93,1,0,0
20,0,12,52,35,1,0,0
10.17,0,16,51,96,1,0,0
,0,12,49,58,1,0,0
18.989999999999998,0,12,47,13,0,0,0
17,1,13,48,44,1,0,0
18.77,1,12,45,14,1,0,0
10.57,0,12,51,36,1,0,0
28.530000000000001,0,17,51,62,1,0,0
14.15,0,12,50,62,0,0,0
,0,12,47,6,0,0,0
,0,13,45,30,1,0,0
19.23,0,18,50,81,1,0,0
22.68,0,12,46,75,1,0,0
,0,16,52,91,0,0,0
,1,12,47,27,1,0,0
14.32,0,12,46,25,0,0,0
13.75,0,12,50,22,0,0,0
9.75,0,13,47,15,1,0,0
10.6,0,12,53,,1,0,0
28.34,0,19,46,91,1,0,0
3.0699999999999998,1,12,45,16,0,0,0
,0,12,45,41,0,0,0
,0,14,46,48,1,0,0
,1,17,49,55,1,0,0
21,1,12,48,81,0,0,0
7.6500000000000004,1,12,46,68,1,0,0
9.4700000000000006,1,14,47,83,0,0,0
1.6000000000000001,0,12,52,80,0,0,0
,0,12,52,40,0,0,0
,1,9,47,,0,0,0
4.7999999999999998,0,20,52,90,1,0,0
22.66,0,16,49,90,1,0,0
9,0,12,49,62,1,0,0
,0,12,49,33,1,0,0
17.690000000000001,0,13,48,20,0,0,0
14.42,0,14,46,67,1,0,0
10.35,1,12,49,,1,0,0
24.100000000000001,1,15,50,85,1,0,0
9.6799999999999997,1,14,51,42,1,0,0
12.789999999999999,0,16,49,60,0,0,0
,0,12,50,65,0,0,0
22.59,0,12,47,28,0,0,0
2.6899999999999999,0,12,51,50,0,0,0
15.300000000000001,1,12,47,29,1,0,0
,0,14,51,73,1,0,0
7.5,0,14,50,16,1,0,0
32.049999999999997,0,16,47,82,1,0,0
30.760000000000002,0,16,46,58,0,0,0
25.780000000000001,0,19,49,52,0,0,0
11.619999999999999,0,16,46,44,0,0,0
33.329999999999998,0,14,47,39,0,0,0
53.409999999999997,0,16,45,53,0,0,0
8.8000000000000007,0,13,51,58,1,0,0
11.5,0,14,49,11,0,0,0
17.48,0,18,46,65,1,0,0
28.84,0,16,49,57,0,0,0
11.4,0,12,46,51,1,0,0
12.56,0,14,50,37,0,0,0
18.039999999999999,0,12,47,49,0,0,0
16.199999999999999,0,12,45,17,0,0,0
34.880000000000003,0,14,46,59,0,0,0
12.9,0,13,47,44,1,0,0
11.699999999999999,0,15,48,35,0,0,0
23.75,0,12,49,69,0,0,0
18.629999999999999,0,12,48,22,0,0,0
7.75,0,14,47,19,0,0,0
42.060000000000002,0,15,45,14,0,0,0
13.109999999999999,0,12,48,80,0,0,0
15.17,0,16,49,74,0,0,0
46.149999999999999,0,13,48,63,1,0,0
7.25,0,12,46,17,1,0,0
0.84999999999999998,0,12,50,67,0,0,0
4.2800000000000002,0,16,50,88,1,0,0
13.779999999999999,0,16,48,84,1,0,0
15.27,0,16,45,60,1,0,0
,0,12,49,5,0,0,0
1.28,0,12,46,68,1,0,0
23.66,0,14,49,92,0,0,0
14.85,0,12,48,32,0,0,0
,0,12,47,12,1,0,0
25.48,1,16,45,95,1,0,0
21.629999999999999,0,12,48,51,0,0,0
7.6900000000000004,0,13,49,54,0,0,0
14,0,12,45,46,1,0,0
15,0,16,48,73,1,0,0
34.299999999999997,0,17,52,99,1,0,0
21.23,0,14,52,84,0,0,0
18.07,1,17,49,60,1,0,0
29.969999999999999,0,14,46,77,0,0,0
17.710000000000001,0,16,46,83,1,0,0
23.07,0,18,47,58,0,0,0
12.65,0,17,45,50,0,0,0
26,0,12,49,71,0,0,0
15.300000000000001,0,15,51,93,1,0,0
55.549999999999997,0,16,46,70,0,0,0
14.25,0,12,47,54,0,0,0
,0,10,52,46,0,0,0
9.2899999999999991,0,12,49,94,0,0,0
23,0,12,51,27,0,0,0
15.52,0,13,46,48,1,0,0
67.299999999999997,0,12,47,67,0,0,0
25,0,16,52,83,1,0,0
15,0,12,46,16,0,0,0
38,0,14,46,35,1,0,0
16,0,12,47,30,1,0,0
14.42,0,16,47,73,0,0,0
,0,12,46,13,0,0,0
30,0,14,49,98,0,0,0
13.73,0,13,50,40,0,0,0
19.23,0,16,51,53,0,0,0
,0,16,49,98,0,0,0
15.5,0,12,48,85,0,0,0
23,0,16,47,48,0,0,0
42.649999999999999,0,17,48,87,0,0,0
44.869999999999997,0,16,47,89,0,0,0
7.0300000000000002,0,12,49,82,1,0,0
25.5,0,12,52,75,1,0,0
,0,10,46,1,0,0,0
,0,12,49,98,1,0,0
19.609999999999999,0,14,49,62,1,0,0
21.219999999999999,0,12,45,68,1,0,0
17.300000000000001,0,16,50,72,0,0,0
16.48,0,13,49,68,0,0,0
13.84,0,12,48,70,0,0,0
13.69,0,12,46,24,1,0,0
,0,16,48,94,1,0,0
,0,16,47,95,0,0,0
1.8700000000000001,0,12,45,87,0,0,0
,0,14,48,30,0,0,0
11,0,15,47,30,1,0,0
8.75,0,12,48,2,0,0,0
,0,12,46,13,0,0,0
9,0,14,46,27,1,0,0
5.3700000000000001,0,9,50,14,0,0,0
14.48,0,8,47,8,0,0,0
,0,7,48,1,1,0,0
8.1300000000000008,0,7,45,5,0,0,0
4.8399999999999999,0,12,49,12,1,0,0
21,0,12,48,33,0,0,0
,0,12,47,30,1,0,0
19.859999999999999,0,13,49,32,1,0,0
,0,12,45,34,1,0,0
,0,8,48,7,1,0,0
15.640000000000001,0,12,45,12,0,0,0
,0,12,52,10,0,0,0
8.5,0,14,49,,1,0,0
36.049999999999997,0,14,47,,1,0,0
,0,13,51,,1,0,1
26.84,0,8,45,1,0,0,0
,0,12,48,13,1,0,0
,0,13,46,12,1,0,1
,1,12,50,7,1,0,1
10.15,0,13,46,12,1,0,1
,0,8,47,2,0,0,0
,0,9,45,3,1,0,0
18.969999999999999,0,12,48,42,0,0,0
,0,12,47,8,1,0,0
8.3399999999999999,1,13,47,76,1,0,0
18.5,0,12,53,53,1,0,0
40.060000000000002,1,18,48,34,1,0,0
,0,12,51,1,0,0,1
14.880000000000001,1,12,48,72,1,0,0
,0,12,52,62,1,0,0
1.73,1,12,49,1,1,0,1
1.8500000000000001,0,12,46,5,1,0,1
32,1,17,46,84,1,0,0
12.4,0,12,50,2,1,0,1
41.200000000000003,1,15,51,17,1,0,1
12,1,12,49,20,0,0,1
5.7599999999999998,1,16,45,17,1,0,1
14.25,0,12,48,25,1,0,0
,1,12,50,36,1,0,0
,0,11,52,18,1,0,0
65.700000000000003,0,20,53,93,0,0,0
23.5,0,12,50,42,0,0,0
13.41,0,12,47,46,0,0,0
27.879999999999999,0,12,50,,0,0,0
,1,11,52,13,0,0,0
,1,12,49,67,0,0,0
17.5,0,14,46,36,0,0,0
11.109999999999999,0,13,46,23,0,0,0
10,0,12,47,20,1,0,0
45.670000000000002,0,16,46,74,0,0,0
6.6600000000000001,0,12,50,16,1,0,0
,0,12,47,11,1,0,0
19.23,0,12,50,27,1,0,0
11.25,0,12,49,9,1,0,0
,0,12,48,18,1,0,0
13.869999999999999,0,14,49,65,1,0,0
11.529999999999999,0,17,46,47,0,0,0
12,0,16,50,94,0,0,0
12.5,0,12,45,33,0,0,0
9.0099999999999998,1,15,48,51,1,0,1
,1,10,48,1,0,0,1
,1,14,45,8,1,0,1
,1,8,47,1,0,0,0
10,0,12,49,70,0,0,0
5.4900000000000002,0,12,48,65,1,0,0
,0,12,51,37,1,0,0
15,0,8,48,9,0,0,0
,1,8,51,12,1,0,0
7.6200000000000001,0,9,50,2,0,0,0
23.140000000000001,1,12,50,26,1,0,0
14.42,0,10,50,5,0,0,0
,1,12,50,10,1,0,0
34.18,0,12,52,75,0,0,0
8.8000000000000007,0,12,53,45,0,0,0
,0,12,45,29,1,0,0
23,0,12,47,16,0,0,0
144.16,0,12,48,31,1,0,1
6.4500000000000002,0,12,47,5,1,0,1
28.84,0,12,46,10,0,0,1
15.5,0,12,45,52,0,0,1
40.060000000000002,0,14,47,33,0,0,0
47.299999999999997,0,17,48,79,0,0,0
,0,12,48,11,1,0,0
13.5,0,12,50,38,0,0,0
18.600000000000001,0,12,46,37,1,0,0
,0,12,52,21,1,0,0
9.5500000000000007,0,12,46,11,1,0,0
10.92,0,12,45,13,1,0,0
16,1,9,50,42,0,0,0
11.869999999999999,1,12,48,24,1,0,0
22.359999999999999,1,9,46,30,0,0,0
6.9199999999999999,1,12,52,66,1,0,0
11.83,0,9,45,4,0,0,0
53.200000000000003,1,13,52,60,1,0,0
17,0,12,47,1,0,0,0
9.6099999999999994,1,12,48,38,1,0,0
,1,12,45,5,1,0,0
12.539999999999999,0,16,49,45,1,0,0
16.82,1,12,47,47,1,0,0
18.75,0,14,47,43,1,0,0
10.380000000000001,0,12,47,74,1,0,0
11.529999999999999,0,12,52,69,0,0,0
,0,12,50,34,1,0,0
9.5,0,12,47,67,1,0,0
,0,12,45,35,1,0,0
12,1,12,51,18,1,0,0
11.42,0,12,47,6,1,0,0
24.41,0,12,46,23,0,0,0
25,0,12,45,28,1,0,0
30.949999999999999,0,12,46,16,0,0,0
17.18,0,12,52,86,0,0,0
12.619999999999999,0,9,53,8,0,0,0
,0,9,47,13,1,0,0
19.23,0,16,50,76,0,0,0
,0,16,46,62,1,0,0
24.280000000000001,1,19,50,87,0,0,0
26.75,0,20,49,60,0,0,0
1.3400000000000001,0,14,50,31,1,0,0
17.440000000000001,0,18,52,93,1,0,0
,0,20,52,93,1,0,0
41.020000000000003,0,16,51,65,0,0,0
10,0,12,51,,0,0,0
,0,9,50,1,0,0,0
,0,10,45,4,1,0,0
14.5,1,12,48,4,1,0,0
11.109999999999999,0,12,46,22,0,0,0
15.94,0,14,47,15,1,0,0
,0,18,49,,0,0,0
7.25,0,13,45,7,0,0,1
14.15,1,13,49,33,1,0,1
14,0,12,47,1,0,0,1
13.619999999999999,0,12,45,10,1,0,1
10.43,0,14,51,28,1,0,1
24.559999999999999,0,12,52,3,0,0,1
10.5,0,12,51,5,0,0,1
14.9,0,16,49,39,0,0,1
,0,13,46,24,1,0,1
18.07,0,17,45,36,0,0,0
49.509999999999998,0,20,51,98,0,0,0
17.09,0,19,49,75,1,0,0
21.25,0,12,47,49,0,0,0
27.77,0,12,45,22,1,0,0
,0,14,50,35,1,0,0
,0,12,48,37,0,0,0
8,1,12,45,3,0,0,1
6.0700000000000003,0,12,45,1,0,0,1
12,1,13,45,44,1,0,1
10.15,1,16,50,54,1,0,1
9,1,12,46,14,0,0,1
,1,12,45,10,0,0,1
12.18,0,12,52,6,0,0,1
50,0,12,47,6,0,0,1
25,0,12,49,,0,0,1
23,0,14,50,,0,0,1
7.3200000000000003,1,12,49,1,1,0,1
8.1699999999999999,1,13,48,7,1,0,1
,1,12,51,,0,0,1
,1,12,51,7,0,0,1
,1,6,49,6,0,0,1
35.359999999999999,0,14,46,38,1,0,1
7.6500000000000004,0,12,46,30,1,0,1
11,0,13,45,21,1,0,1
,0,13,50,91,1,0,0
13.48,1,13,52,81,0,0,0
,1,12,48,3,0,0,0
21.359999999999999,0,18,51,94,0,0,0
,1,14,50,48,1,0,0
13.65,1,12,46,49,0,0,0
,0,12,49,68,1,0,0
49.030000000000001,0,17,48,83,0,0,0
,0,14,52,58,1,0,0
45.670000000000002,0,16,45,63,1,0,0
18.260000000000002,0,14,52,74,0,0,0
,0,12,50,76,0,0,0
,0,15,49,58,1,0,0
8,1,10,52,1,0,0,1
38.460000000000001,0,16,51,77,0,0,0
,1,20,52,99,0,0,0
39.25,0,12,53,81,0,0,0
24.030000000000001,0,12,52,77,1,0,0
25.48,0,20,47,35,1,0,0
22.260000000000002,0,12,46,82,0,0,0
10.5,0,13,46,48,1,0,0
34.609999999999999,1,16,52,78,1,0,0
13,0,17,51,70,1,0,1
27.469999999999999,0,12,45,38,0,0,0
8,0,13,51,90,0,0,0
25,0,13,50,27,0,0,0
,1,12,48,7,1,0,0
,0,7,46,14,1,0,0
8,0,12,49,6,1,0,1
13.58,1,12,49,11,1,0,0
23.280000000000001,1,12,47,74,1,0,0
12,1,12,47,33,1,0,0
42,0,19,52,77,1,1,0
,1,11,50,36,0,0,0
19.530000000000001,0,12,50,,0,0,0
12,1,12,46,45,0,0,0
27.690000000000001,1,19,51,66,1,0,0
25,1,12,51,43,0,0,0
25,0,12,52,52,0,0,0
11.75,0,13,52,73,0,0,0
22,0,14,51,99,0,0,0
34.609999999999999,0,12,49,88,0,0,0
76.920000000000002,0,17,46,81,1,0,0
12.5,1,13,52,57,1,0,0
18.370000000000001,0,12,49,66,0,0,0
12,0,12,50,72,1,0,0
10,0,12,49,57,1,0,0
25.93,0,14,52,81,1,0,0
,0,13,49,,1,0,0
19.030000000000001,0,18,49,90,1,0,0
18.600000000000001,1,12,46,38,0,0,0
17.25,0,12,47,66,1,0,0
11,0,11,46,49,1,0,0
20.34,0,12,50,36,0,0,0
,1,12,47,3,1,0,0
28.84,0,12,47,66,1,0,0
15.06,0,12,48,6,0,1,0
,1,13,50,62,1,1,0
32.549999999999997,1,16,50,53,1,1,0
19.18,1,15,50,98,0,1,0
20.48,0,15,48,40,1,1,0
23.07,1,14,46,16,0,1,0
18.5,0,16,50,41,1,1,0
10,0,14,51,13,1,1,0
8,0,14,48,16,1,1,0
8.6500000000000004,0,12,50,6,0,1,0
10,0,12,46,20,1,1,0
14.6,0,13,47,32,0,1,0
24.510000000000002,0,12,49,71,0,1,0
18.84,0,16,53,25,1,1,0
10,0,13,48,27,1,1,0
7.25,1,13,50,17,1,1,0
,1,12,46,17,0,1,0
33.649999999999999,0,19,45,45,1,1,0
10.17,1,12,47,17,0,1,0
15.76,1,14,51,27,0,1,0
20.59,0,12,52,8,0,1,0
11.65,1,9,47,3,0,1,0
13.5,0,12,52,28,0,1,0
15.859999999999999,0,12,49,21,0,1,0
,1,16,48,8,1,1,0
7.25,1,12,47,6,0,1,0
12.31,0,15,47,71,1,1,0
,0,16,45,83,0,1,0
26.440000000000001,0,15,50,80,1,1,0
11.17,0,15,48,55,1,1,0
120.19,0,16,46,84,0,1,0
8,0,14,46,13,1,1,0
23.18,0,12,47,53,1,1,0
6.9699999999999998,0,15,51,14,1,1,0
13,0,14,50,7,1,1,0
23.5,0,9,49,6,0,1,0
,0,10,47,12,1,1,0
7.25,0,12,46,,1,1,0
17.48,1,14,49,45,0,1,0
14,0,13,46,6,0,1,0
9.25,0,12,46,3,0,1,0
12.699999999999999,0,9,50,22,1,1,0
13.859999999999999,0,12,46,16,1,1,0
,0,12,48,6,1,1,0
28.359999999999999,1,13,46,,0,1,0
27.399999999999999,0,16,52,86,0,1,0
28.84,0,19,47,70,1,1,0
9.5,0,12,51,22,0,1,0
120.93000000000001,1,12,52,18,1,1,0
20,1,13,49,5,0,1,0
6.9699999999999998,1,12,46,3,0,1,0
9.5,1,14,48,73,1,1,0
,1,8,52,1,1,1,0
19,1,15,49,26,1,1,0
,0,12,47,19,1,1,0
13,0,12,52,42,0,1,0
,0,12,51,37,1,1,0
23.07,0,15,48,35,1,1,0
15.5,0,12,49,16,1,1,0
10.57,1,12,51,40,1,1,0
,0,9,48,2,1,1,0
15.859999999999999,0,12,50,,0,1,0
13.01,0,15,50,28,1,1,0
23.350000000000001,0,15,51,62,0,1,0
12.98,0,14,47,41,1,1,0
7.25,1,12,51,1,1,1,0
8.25,0,5,49,1,0,1,0
13.67,0,14,51,49,0,1,0
2.9300000000000002,0,10,52,1,1,1,0
0.10000000000000001,0,6,52,1,1,1,0
5.7599999999999998,0,15,49,10,1,1,0
24.030000000000001,0,14,52,62,1,1,0
11.5,0,12,49,7,0,1,0
12.5,0,12,48,22,0,1,0
17.690000000000001,0,14,51,26,1,1,0
8.75,1,14,52,11,1,1,0
16.48,1,14,50,16,1,1,0
15.380000000000001,0,18,51,76,1,1,0
18.48,1,12,52,6,0,1,0
7.5999999999999996,0,11,50,22,0,1,0
23.91,0,14,46,34,1,1,0
18.25,0,12,49,56,1,1,0
,0,10,50,8,0,1,0
,0,12,50,33,1,1,0
8.4499999999999993,0,12,49,11,1,1,0
,0,12,51,6,1,1,0
27,0,12,48,30,0,1,0
12.01,0,13,46,46,0,1,0
16.82,0,12,46,14,1,1,0
12.890000000000001,1,13,49,49,0,1,0
,0,13,50,4,0,1,0
10.85,0,12,47,4,0,1,0
11,1,12,53,,0,1,0
7.75,1,12,52,3,1,1,0
15.5,0,16,46,73,0,1,0
16.530000000000001,0,16,50,51,0,1,0
24.699999999999999,0,13,48,32,1,1,0
8.25,0,16,46,28,1,1,0
,0,9,49,13,1,1,0
25.800000000000001,0,18,51,80,1,1,0
32.689999999999998,0,12,50,58,0,1,0
13.460000000000001,1,12,45,19,1,1,0
17.030000000000001,0,16,46,24,0,1,0
21.420000000000002,0,12,49,4,0,1,0
24.75,1,12,50,41,0,1,0
29.91,0,15,46,57,1,1,0
,0,8,46,47,1,1,0
19.760000000000002,1,12,51,,0,1,0
15,1,12,48,10,1,1,0
10.5,1,12,46,16,0,1,0
24.510000000000002,1,13,47,56,1,1,0
25,0,15,49,69,1,1,0
12.5,0,12,52,18,0,1,0
25,0,13,48,29,0,1,0
17.77,0,12,47,6,0,1,0
28.649999999999999,0,12,51,42,0,1,0
8.75,1,3,52,1,1,1,0
15.550000000000001,0,12,51,36,0,1,0
23.550000000000001,0,12,49,16,0,1,0
16.949999999999999,0,12,48,1,0,1,0
20.859999999999999,0,12,45,17,0,1,0
13.07,0,12,52,6,0,0,1
12.5,1,12,51,21,1,0,1
,1,12,49,35,1,0,1
14.23,0,14,51,20,1,0,1
,1,18,49,55,0,0,1
1.4399999999999999,1,14,46,60,1,0,1
16.98,0,14,48,7,1,0,1
39.420000000000002,1,12,46,28,1,0,1
31.030000000000001,0,15,45,20,0,0,1
19.120000000000001,0,13,47,25,1,0,1
,1,16,50,20,1,0,1
3.2000000000000002,1,12,46,7,0,0,1
,1,12,46,1,0,1,0
112.17,0,4,52,6,0,1,0
12.75,1,15,51,17,1,0,1
29,1,14,47,25,0,0,1
17.300000000000001,1,14,47,25,1,0,1
7.5,1,12,46,24,0,1,0
9.0999999999999996,0,14,47,23,1,0,1
21.5,1,12,49,21,0,0,1
14.609999999999999,1,11,53,7,1,0,1
17.25,1,14,49,21,1,0,1
,1,12,49,4,0,0,1
,0,14,48,41,1,0,1
117.15000000000001,0,12,46,18,0,0,1
6.2199999999999998,1,12,46,3,0,0,1
16.02,1,13,52,16,1,0,1
14.34,1,12,47,3,0,0,1
2.8500000000000001,1,14,50,11,0,0,1
23.07,1,12,45,30,1,0,1
9.3000000000000007,1,12,48,,0,0,1
25.960000000000001,1,13,46,33,1,0,1
21.969999999999999,1,12,53,67,1,0,1
7.25,1,10,46,1,1,0,1
5.8099999999999996,1,13,47,26,0,0,1
4.7999999999999998,1,12,48,18,0,0,1
,0,12,49,1,0,0,1
,1,12,46,6,1,0,1
25.5,0,12,51,87,0,0,1
14.279999999999999,0,12,47,34,1,0,1
12.23,0,16,45,30,0,0,1
19.829999999999998,0,14,51,19,1,0,1
10,1,9,48,2,0,1,0
,1,12,46,6,1,0,1
45,0,12,52,9,0,1,0
,1,6,53,,1,1,0
,1,12,53,6,1,1,0
,1,12,52,19,0,0,1
,1,12,48,3,1,0,1
11.75,0,16,52,32,1,0,1
8.5399999999999991,1,12,46,21,1,0,1
,0,12,45,8,1,0,1
20,0,12,47,5,0,0,1
9.3699999999999992,1,12,47,1,0,0,1
15,1,12,45,7,0,0,1
16.75,1,12,45,7,1,1,0
,1,13,51,25,0,0,1
,1,12,47,27,1,0,1
8.7200000000000006,0,12,52,7,0,0,1
0.81999999999999995,0,15,49,4,1,0,1
41.859999999999999,0,12,46,7,0,0,1
13,1,14,51,17,1,0,1
18.390000000000001,1,20,50,77,0,0,1
8.5999999999999996,1,15,47,49,1,0,1
,1,16,47,28,1,0,1
25.960000000000001,1,20,45,9,1,0,1
1.8600000000000001,1,12,48,7,0,0,1
,1,14,49,28,1,0,1
13.56,1,15,50,83,0,0,1
23.84,1,18,47,,0,0,1
35.240000000000002,0,18,48,49,1,0,1
19.23,0,14,48,50,1,0,1
25.960000000000001,0,12,48,30,1,0,1
21.43,1,13,45,34,0,0,1
55.280000000000001,1,16,47,30,0,0,1
,1,7,48,1,0,0,1
,0,12,47,8,0,0,1
,1,9,51,9,0,0,1
38.460000000000001,1,15,49,23,0,0,1
7.4000000000000004,1,16,51,23,1,0,1
,1,11,50,5,1,0,1
,1,11,47,3,0,0,1
13.460000000000001,0,15,50,30,0,0,1
12,0,12,47,6,1,0,1
3.6899999999999999,0,15,46,31,1,0,1
22.59,1,12,48,2,1,0,1
11.85,1,12,49,2,1,0,1
5.2800000000000002,1,12,46,14,0,0,1
10.300000000000001,0,15,46,58,0,0,1
10,0,12,49,38,0,0,1
,1,13,49,,0,0,1
12.25,0,13,45,11,1,0,1
10.5,1,13,48,2,0,0,1
15,0,16,46,25,0,0,1
9.5,0,12,45,9,0,0,1
,1,17,48,38,1,0,1
,1,12,50,46,0,1,0
15.93,0,18,47,72,1,0,1
13.640000000000001,0,13,51,30,1,1,0
18.75,1,12,50,59,0,0,1
10,1,10,50,46,0,0,1
14.5,1,12,45,22,1,0,1
30,1,14,47,17,1,0,1
,1,10,50,4,1,0,1
21,1,11,48,2,0,0,1
46.509999999999998,1,13,49,30,0,0,1
14.01,1,13,47,12,1,0,1
11.25,0,16,47,29,1,0,1
18,0,12,49,4,0,0,1
14.58,1,12,48,4,1,0,1
10.380000000000001,0,18,51,20,1,0,1
15.859999999999999,0,16,49,15,0,0,1
7.7699999999999996,1,12,46,6,1,0,1
10.380000000000001,1,10,45,8,0,0,1
20,1,16,46,23,1,0,1
,0,16,47,25,0,0,1
11,1,13,48,26,1,0,1
14.74,0,12,49,11,1,0,1
4.6100000000000003,1,20,47,26,1,0,1
,1,18,47,10,1,0,1
46.659999999999997,1,9,50,3,0,0,1
,1,8,47,1,1,0,1
9.4900000000000002,1,12,52,5,1,0,1
20.77,0,18,51,32,1,0,1
,0,15,49,16,1,0,1
,0,12,47,1,0,0,1
27.399999999999999,0,16,48,29,0,0,1
,0,12,49,29,0,0,1
46.149999999999999,1,16,47,56,1,0,1
6,1,12,50,14,0,0,1
,0,17,48,11,0,0,1
,1,12,50,6,1,0,1
24,1,14,46,24,0,0,1
17.879999999999999,0,13,49,11,1,0,1
20.079999999999998,1,12,52,43,1,0,1
,1,16,46,6,0,0,1
15.140000000000001,0,18,51,75,1,0,1
11.960000000000001,1,10,52,6,1,0,1
25.420000000000002,1,13,46,46,0,0,1
30.48,0,17,48,8,1,0,1
24.68,1,12,51,39,1,0,1
,0,12,49,45,1,0,1
20,0,12,46,20,0,0,1
,0,15,50,35,1,0,1
19.329999999999998,0,12,45,1,0,0,1
10.98,0,13,52,27,1,0,1
10.970000000000001,0,12,51,10,0,0,1
25.960000000000001,0,16,50,81,1,0,1
7.5499999999999998,0,12,46,2,1,0,1
,0,12,50,2,1,0,1
9,0,12,46,2,0,0,1
13.49,1,12,47,2,0,0,1
8.75,1,10,46,6,0,0,1
,1,12,47,2,0,0,1
,1,10,47,4,0,0,1
23,1,14,50,2,1,0,1
15.380000000000001,0,14,52,17,0,0,1
12.5,0,12,45,10,0,0,1
16,1,12,49,22,0,0,1
37.009999999999998,0,16,52,56,0,0,1
10,1,12,51,,1,0,1
13.529999999999999,1,12,46,,1,0,1
17.5,1,12,50,43,0,0,1
9.3000000000000007,0,12,50,5,0,0,1
,0,12,45,4,1,0,1
17.93,1,14,46,13,1,0,1
7.21,0,16,52,96,0,0,1
,0,12,49,2,0,0,1
,0,12,51,2,0,0,1
10.43,1,15,51,10,1,0,1
,1,16,52,,1,0,1
,1,12,46,6,1,0,1
36.049999999999997,0,12,52,13,1,0,1
8.5,0,12,50,4,1,0,1
10.5,0,12,47,6,1,0,1
5.1699999999999999,1,11,52,18,0,0,1
24.030000000000001,0,16,48,13,0,0,1
32.960000000000001,0,16,50,65,0,0,1
26.629999999999999,0,12,48,63,0,0,1
43.770000000000003,0,18,46,35,0,0,1
0.52000000000000002,1,14,51,7,1,0,1
,1,14,49,11,0,0,1
29.800000000000001,0,12,52,6,0,0,1
12.17,0,12,49,16,1,0,1
41.049999999999997,0,14,50,82,1,0,1
20.670000000000002,1,15,48,19,1,0,1
15,0,12,50,12,1,0,1
15,0,12,49,9,0,0,1
25.710000000000001,0,12,47,15,0,0,1
,0,12,46,6,0,0,1
27.5,0,8,46,7,0,0,1
10,1,12,45,13,0,0,1
,1,12,51,23,0,0,1
,1,9,50,1,0,0,1
,0,12,47,1,0,0,1
17.440000000000001,1,8,48,1,0,0,1
8.75,1,16,50,,0,0,1
,1,14,48,,0,0,1
12.01,1,12,45,,1,0,1
,1,12,51,,1,0,1
23.25,1,14,48,31,1,0,1
,1,12,50,24,0,0,1
17.300000000000001,0,10,52,23,1,0,1
,0,10,50,6,0,0,1
20.120000000000001,1,12,47,48,1,0,1
28.84,1,15,46,53,1,0,1
51.920000000000002,0,12,50,46,1,0,1
,0,12,50,19,1,0,1
13.73,0,16,46,44,1,0,1
31.73,0,12,45,30,1,0,1
7.25,1,14,47,27,0,0,1
11.529999999999999,1,12,50,47,0,0,1
8,1,12,46,25,1,0,1
23,0,12,51,31,0,0,1
,0,16,50,24,1,0,1
11.85,1,12,47,37,0,0,1
13.75,1,12,52,62,1,0,1
17.5,0,12,51,12,1,0,1
,0,12,50,21,0,0,1
12.449999999999999,0,12,48,13,1,0,1
32.960000000000001,1,15,52,64,1,0,1
,1,13,49,22,0,0,1
37.5,1,13,46,28,0,0,1
21.68,0,12,50,15,0,0,1
31.890000000000001,0,16,48,34,1,0,1
13.460000000000001,1,14,47,26,1,0,1
10,0,12,52,21,1,0,1
2.7599999999999998,0,14,48,19,0,0,1
14.52,0,12,50,1,0,0,1
10.09,0,14,52,19,0,0,1
11.75,0,14,51,14,0,0,1
,1,14,52,,1,0,1
10,1,12,49,,1,0,1
16.77,1,13,46,,1,0,1
12,1,15,51,45,1,0,1
22.030000000000001,1,18,46,15,0,0,1
8.2400000000000002,1,13,53,19,1,0,1
13.85,1,15,48,13,1,0,1
22.059999999999999,0,13,48,12,0,0,1
10.5,0,12,46,12,1,0,1
24,0,14,52,45,1,0,1
20.48,0,16,47,13,0,0,1
11.949999999999999,0,12,46,11,1,0,1
13,1,15,47,23,0,0,1
,1,17,45,21,1,0,1
,1,12,48,16,1,0,1
8,1,12,47,2,1,0,1
10,1,12,47,7,0,0,1
7.25,1,12,46,6,1,0,1
16,0,12,48,9,0,0,1
10.69,0,12,46,16,1,0,1
0.95999999999999996,1,13,53,4,0,0,1
9.3699999999999992,0,16,49,28,1,0,1
11.869999999999999,1,12,52,1,0,0,1
9,0,8,49,1,0,0,1
18.75,1,12,52,6,1,0,1
,1,12,48,1,1,0,1
6.5099999999999998,1,20,51,30,1,0,1
,1,12,50,1,1,0,1
16.390000000000001,0,13,51,60,1,0,1
29.800000000000001,1,14,52,28,0,0,1
33.75,1,16,51,49,1,0,1
28.84,1,16,47,37,1,0,1
12.93,1,12,51,18,1,0,1
13.369999999999999,1,14,47,10,1,0,1
,1,16,45,6,0,0,1
,0,16,52,6,0,0,1
,0,13,50,17,1,0,1
15.09,0,15,49,43,1,0,1
7.5,1,12,46,25,1,1,0
20.059999999999999,0,16,45,11,0,0,1
,0,16,48,43,0,0,1
10,0,12,48,10,0,0,1
30,0,12,49,11,0,0,1
7.6900000000000004,1,13,48,22,0,0,1
,1,12,47,18,0,0,1
23.07,1,19,46,41,1,0,1
7.5,1,12,45,12,1,0,1
,1,9,50,1,1,0,1
9,0,12,52,8,1,0,1
0.85999999999999999,1,12,52,1,1,0,1
69.709999999999994,0,20,51,74,0,0,1
,1,18,49,35,1,0,1
24.030000000000001,0,16,49,25,1,0,1
9,1,10,52,1,1,0,1
13,1,15,47,32,1,0,1
19.18,1,14,52,39,0,0,1
,1,12,50,1,1,0,1
10.5,1,14,48,,1,0,1
,0,12,50,8,1,0,1
31.73,0,15,47,8,1,0,1
20.559999999999999,0,17,47,24,1,0,1
43.75,1,16,49,63,1,0,1
8.3300000000000001,0,12,46,9,0,0,1
,1,11,52,1,1,0,1
10,1,14,46,12,1,0,1
12.800000000000001,1,13,45,17,1,0,1
33.030000000000001,1,13,51,52,0,0,1
,1,13,50,14,1,0,1
19,1,15,47,34,0,0,1
25,1,20,47,12,1,0,1
,1,12,48,11,1,0,1
14.9,1,13,52,11,1,0,1
,1,10,46,2,0,0,1
23,1,14,48,3,1,0,1
,1,12,47,11,1,0,1
14.02,1,15,46,13,1,0,1
12.460000000000001,1,13,46,23,1,0,1
7.25,0,8,50,4,1,0,1
10,0,12,48,7,0,0,1
20.34,1,16,50,42,1,0,1
,1,16,49,72,0,0,1
31.41,1,18,48,49,0,0,1
10.1,0,12,47,13,1,0,1
17.850000000000001,1,16,50,20,0,0,1
9.5,1,12,49,7,0,0,1
20.390000000000001,1,13,49,5,0,0,1
,0,6,50,1,1,0,1
9.5199999999999996,1,12,49,5,1,0,1
,1,12,47,3,0,0,1
,0,13,52,59,1,0,1
,0,14,48,71,1,0,1
,0,12,46,12,1,0,1
31.25,1,12,49,17,1,0,1
10,1,12,47,5,1,0,1
16.66,0,12,51,4,0,0,1
23.469999999999999,0,12,49,9,0,0,1
15,0,14,48,6,1,0,1
12.619999999999999,0,19,49,38,1,0,1
,1,12,48,35,1,0,1
0.82999999999999996,1,14,45,29,0,0,1
33.649999999999999,0,18,48,44,1,0,1
12.5,0,11,50,9,0,0,1
9.8000000000000007,1,12,47,7,1,0,1
18.260000000000002,1,14,51,32,1,0,1
10.15,1,16,49,30,1,0,1
,1,16,47,28,1,0,1
12.98,0,13,49,6,1,0,1
10,1,15,52,23,1,0,1
,0,12,53,7,1,0,1
28,1,12,49,11,1,0,1
16.420000000000002,1,15,46,9,0,0,1
8.25,1,12,48,12,1,0,1
,0,12,47,19,1,0,1
,1,12,48,6,1,0,1
7.5499999999999998,0,12,52,10,1,0,1
4.7800000000000002,1,14,46,16,0,0,1
14.449999999999999,1,15,45,4,0,0,1
14,0,12,46,4,0,0,1
16.109999999999999,1,13,49,18,1,0,1
9,1,11,45,5,1,0,1
7.25,0,15,49,25,1,0,1
12.42,1,12,47,5,1,0,1
10.5,1,9,45,6,0,0,1
25,0,12,48,3,0,0,1
13.33,0,12,51,1,0,0,1
4.6500000000000004,0,12,49,5,1,0,1
20.93,0,12,47,15,1,0,1
6.3099999999999996,1,12,47,5,1,0,1
10.300000000000001,0,12,46,1,1,0,1
57.689999999999998,0,16,46,16,1,0,1
,1,7,45,1,1,0,1
,0,10,50,1,1,0,1
28.84,1,12,47,18,1,0,1
13.619999999999999,1,13,48,16,1,0,1
12.01,1,12,47,13,1,0,1
10.33,1,12,46,5,1,0,1
,0,12,50,10,1,0,1
21.359999999999999,0,14,48,27,1,0,1
,0,16,46,6,1,0,1
6.5,0,12,50,41,1,0,1
,1,12,50,4,1,0,1
3.1000000000000001,1,10,51,17,1,0,1
,0,9,51,10,1,0,1
,0,12,47,22,1,0,1
13,0,12,46,26,1,0,1
7.21,0,12,52,6,0,0,1
,1,12,52,3,1,0,1
11,1,11,53,1,0,0,1
9.5,1,11,49,4,1,0,1
8,1,12,46,12,1,0,1
,1,12,48,1,1,0,1
9.3000000000000007,1,9,52,1,0,0,1
14.949999999999999,1,12,47,8,1,0,1
,1,12,48,11,1,0,1
5,1,8,45,2,0,0,1
11.5,0,8,51,1,1,0,1
4.7999999999999998,0,8,48,2,1,0,1
12.31,1,12,47,28,0,0,1
14.48,1,12,50,3,1,0,1
7.5,1,12,45,13,1,0,1
12.5,0,13,48,19,0,0,1
8.5,0,12,46,7,1,0,1
,0,12,49,4,1,0,1
,0,7,47,1,1,0,1
16,1,17,46,77,0,0,1
8.3300000000000001,1,13,48,15,1,0,1
,1,12,52,8,1,0,1
14.949999999999999,0,12,50,10,1,0,1
,0,12,47,4,0,0,1
,1,12,49,6,1,0,1
,1,12,47,3,1,0,1
7.25,0,12,49,20,1,0,1
9,1,12,45,4,0,0,1
4.6500000000000004,0,10,51,4,0,0,1
,1,12,49,17,0,0,1
,1,12,52,1,1,0,1
,0,12,52,5,1,0,1
5.7999999999999998,1,12,48,6,1,0,1
7.4000000000000004,1,12,46,2,1,0,1
3.2000000000000002,0,12,46,8,1,0,1
,0,11,52,30,0,0,1
,0,12,52,5,0,0,1
,0,11,47,4,0,0,1
20.93,1,12,48,18,0,0,1
16.149999999999999,1,12,52,5,1,0,1
,0,12,50,7,0,0,1
10,0,12,50,4,0,0,1
12.82,0,15,45,13,1,0,1
8.25,0,12,51,4,1,0,1
,1,8,45,8,1,0,1
9.1400000000000006,1,12,52,9,1,0,1
7.75,1,11,48,6,1,0,1
10.25,1,12,47,23,1,0,1
1.28,1,12,45,2,0,0,1
,1,12,51,1,0,0,1
10.460000000000001,0,12,49,13,0,0,1
23.329999999999998,1,12,46,8,0,0,1
12.75,0,17,48,28,1,0,1
27.5,0,14,50,45,0,0,1
,0,13,51,11,1,0,1
8.5199999999999996,0,12,48,70,0,0,1
18,0,16,46,54,1,0,1
15,1,12,46,12,1,0,1
22,1,12,45,22,0,0,1
19,0,12,49,4,0,0,1
0.85999999999999999,0,12,49,13,0,0,1
20,0,12,46,28,0,0,1
57.689999999999998,0,16,49,16,0,0,1
40.859999999999999,0,16,48,21,1,0,1
13.24,1,12,48,,0,0,1
,1,13,46,20,1,0,1
34.880000000000003,1,15,52,38,0,0,1
,1,10,47,1,1,0,1
4.7999999999999998,0,8,50,13,0,0,1
10,0,12,48,1,0,0,1
7.9500000000000002,0,10,48,5,0,0,1
5.7599999999999998,1,13,46,38,0,0,1
14,1,9,45,4,0,0,1
9,0,12,45,10,0,0,1
,0,16,49,34,1,0,1
12.5,1,12,51,3,0,0,1
15,1,16,46,10,1,0,1
5.3300000000000001,1,12,50,4,0,0,1
4.2699999999999996,1,15,49,28,0,0,1
0.48999999999999999,0,12,51,7,0,0,1
17.690000000000001,0,16,52,45,0,0,1
24.149999999999999,1,12,50,18,0,0,1
30,1,12,49,14,0,0,1
27.129999999999999,1,12,48,8,0,0,1
,1,14,51,27,0,0,1
,1,12,45,9,1,0,1
4.6500000000000004,1,14,47,23,0,0,1
,1,12,46,3,0,0,1
17.5,1,8,51,1,0,0,1
37.009999999999998,0,12,50,16,1,0,1
15.449999999999999,1,12,48,29,0,0,1
23.25,0,16,51,35,1,0,1
37.979999999999997,1,18,46,29,1,0,1
7.5,0,12,50,7,1,0,1
,0,15,48,26,0,0,1
26.440000000000001,0,18,51,62,0,0,1
8.4100000000000001,1,13,45,27,1,0,1
8.3599999999999994,0,12,52,6,0,0,1
14.5,0,12,46,34,0,0,1
5.2300000000000004,1,14,47,18,0,0,1
,1,12,47,17,0,0,1
18,0,14,52,32,0,1,0
,0,12,46,12,0,0,1
,1,11,45,8,1,0,1
11,1,14,48,17,0,0,1
,1,12,48,34,1,0,1
15.859999999999999,1,15,47,38,1,0,1
7.5,1,14,51,32,1,0,1
11.4,1,12,45,58,0,0,1
,0,13,52,30,1,0,1
26.690000000000001,1,16,52,59,1,1,0
45.189999999999998,0,20,47,46,1,0,1
35,0,14,49,19,1,0,1
24.32,1,12,50,19,0,0,1
16.149999999999999,0,14,52,39,0,1,0
23,0,12,45,25,0,0,1
25.050000000000001,0,12,47,8,1,1,0
17.850000000000001,0,13,46,15,1,1,0
22.109999999999999,0,12,52,,0,1,0
,0,12,52,,1,1,0
,0,13,52,22,1,1,0
,1,12,49,7,1,1,0
9.0099999999999998,1,14,49,4,1,1,0
15,1,12,49,18,0,1,0
,1,12,47,25,1,1,0
34.359999999999999,1,20,46,21,1,1,0
2.3300000000000001,0,13,47,7,1,0,1
24,1,15,46,30,1,0,1
11.4,1,12,46,6,0,0,1
,1,12,48,4,1,0,1
,1,12,49,7,1,0,1
30.120000000000001,1,18,51,,0,1,0
20.670000000000002,1,16,52,79,1,1,0
19,1,16,48,36,1,1,0
13.949999999999999,1,12,48,8,0,0,1
5.8099999999999996,1,11,53,1,0,0,1
10.5,1,12,49,11,0,1,0
18,1,10,48,14,0,1,0
15.06,1,12,46,2,0,1,0
,0,12,52,3,0,1,0
20,0,16,48,55,1,1,0
,0,15,51,,1,1,0
,1,12,52,,0,0,1
15.710000000000001,0,15,48,66,1,0,1
,1,7,49,1,1,1,0
25,1,13,47,9,0,1,0
42.729999999999997,1,14,53,80,0,1,0
23.07,1,14,51,50,1,0,1
38.939999999999998,1,19,46,57,1,0,1
18,0,12,48,14,1,0,1
17.440000000000001,0,12,51,35,0,0,1
41.920000000000002,0,14,52,49,1,1,0
,0,15,50,73,0,1,0
,1,12,46,,1,1,0
8,1,12,50,6,0,0,1
10,1,11,46,6,1,0,1
3.2000000000000002,1,8,49,4,0,0,1
18.899999999999999,0,12,52,4,1,0,1
,1,12,47,1,1,1,0
16.82,0,17,52,44,1,1,0
17.300000000000001,0,13,48,23,0,0,1
10,1,12,45,24,0,0,1
,0,14,48,66,1,0,1
15,1,15,46,20,0,0,1
28.84,1,16,52,12,1,0,1
15.779999999999999,1,20,48,30,0,0,1
,0,12,48,28,1,1,0
,0,9,46,32,0,1,0
,1,12,49,9,1,1,0
12.5,1,12,48,14,1,1,0
,0,12,50,29,1,1,0
18.57,1,14,47,15,1,1,0
20.829999999999998,1,14,46,16,1,1,0
10,1,13,48,,0,0,1
23.170000000000002,1,17,51,57,0,0,1
7.3099999999999996,1,14,48,16,1,0,1
21,0,14,52,17,1,0,1
13.75,1,12,46,2,0,0,1
11.75,1,12,46,5,0,0,1
,0,12,48,3,1,0,1
,1,14,52,,1,1,0
10.109999999999999,0,12,49,3,0,1,0
19.27,1,12,47,20,1,1,0
55.280000000000001,0,15,50,25,0,0,1
19.23,0,12,47,19,0,0,1
,1,12,51,1,1,1,0
16.66,0,14,50,16,1,1,0
1.1599999999999999,0,12,50,1,0,1,0
57.689999999999998,1,19,48,71,0,1,0
32.399999999999999,1,14,51,50,0,0,1
,1,9,46,9,1,1,0
,0,12,47,,0,0,1
,0,15,48,24,1,1,0
13.800000000000001,0,10,49,2,0,1,0
40,0,9,47,5,0,1,0
10,1,12,51,12,1,1,0
,1,9,46,3,1,1,0
,1,12,50,14,0,1,0
17.5,0,11,47,8,0,1,0
19.899999999999999,1,12,46,10,0,1,0
40.689999999999998,0,12,48,24,0,1,0
15.51,1,12,48,19,0,0,1
,1,13,48,55,0,1,0
25,1,14,47,29,0,1,0
37.950000000000003,1,15,48,38,0,0,1
,0,13,51,95,0,1,0
7.6699999999999999,0,3,50,2,1,0,1
19.25,0,13,46,31,0,1,0
9.3000000000000007,0,12,49,6,0,1,0
17.5,1,12,47,65,1,1,0
11.619999999999999,0,15,52,6,1,1,0
23.710000000000001,0,16,52,17,0,1,0
42.689999999999998,0,16,51,69,1,1,0
26.629999999999999,1,17,47,73,1,1,0
26.440000000000001,0,13,46,48,1,1,0
,1,12,45,13,0,0,1
26.920000000000002,0,12,45,57,1,1,0
15.81,1,12,51,16,0,1,0
12.56,0,16,51,5,1,1,0
43.420000000000002,0,19,45,73,1,1,0
,0,16,51,,1,1,0
7.5,0,14,45,42,1,1,0
75,1,13,52,12,0,1,0
23.75,1,13,49,50,0,0,1
27.050000000000001,1,12,47,34,0,0,1
18.829999999999998,0,19,48,26,1,0,1
10,0,12,45,20,0,0,1
,0,19,47,76,1,0,1
48.049999999999997,0,18,49,80,0,0,1
24.030000000000001,0,12,51,20,1,0,1
,0,11,48,8,0,0,1
34.609999999999999,0,20,46,60,1,1,0
0.56999999999999995,1,14,48,48,0,0,1
25.48,0,15,52,75,1,0,1
41.579999999999998,0,18,49,65,0,0,1
20.670000000000002,0,13,47,47,1,0,1
20.510000000000002,0,16,49,83,1,0,1
,1,10,50,,1,1,0
10,1,14,46,7,1,0,1
10.65,0,13,49,59,0,0,1
9,0,12,46,43,0,0,1
10.65,0,12,48,35,0,0,1
12,1,15,51,27,1,0,1
18.940000000000001,1,11,47,26,0,0,1
,1,12,53,11,0,0,1
15.06,0,10,51,2,1,0,1
,1,13,48,36,0,0,1
20.670000000000002,1,12,46,20,0,0,1
23,0,14,52,6,0,0,1
29.16,0,12,48,24,0,0,1
25.48,1,17,45,67,1,0,1
10.5,0,12,49,16,0,0,1
45.049999999999997,0,16,46,22,1,0,1
7.0300000000000002,1,16,50,29,1,1,0
15.52,1,13,51,22,1,0,1
21.370000000000001,1,12,49,,0,0,1
52.399999999999999,1,12,46,15,0,0,1
23.120000000000001,0,12,49,20,0,1,0
21.260000000000002,0,12,46,13,1,1,0
14.42,0,14,50,22,0,1,0
24.899999999999999,1,10,52,2,0,1,0
,1,13,51,,0,1,0
31.579999999999998,1,12,46,1,1,1,0
28.489999999999998,0,12,51,46,0,1,0
25.010000000000002,0,14,48,42,1,1,0
34.880000000000003,0,12,46,11,0,0,1
13.02,0,14,48,29,1,0,1
22.43,0,16,50,79,0,0,1
25.960000000000001,1,12,45,15,0,0,1
8,1,12,46,4,0,0,1
22.109999999999999,1,14,48,11,1,0,1
9,1,12,47,17,0,0,1
14,0,15,50,6,1,0,1
28.84,0,11,49,2,0,0,1
,0,12,46,2,0,0,1
35.57,1,13,48,38,0,0,1
14.32,1,12,46,17,0,0,1
12,0,12,47,49,0,1,0
7.4199999999999999,0,12,45,17,0,1,0
13.31,1,16,50,49,0,0,1
2.3599999999999999,1,16,49,35,1,0,1
25.52,1,16,46,7,0,0,1
4.5,0,14,51,,1,1,0
13.5,1,14,50,,1,1,0
10,1,12,51,,1,1,0
18.420000000000002,0,12,52,38,1,0,1
38.43,0,12,45,39,0,1,0
,0,12,53,27,1,1,0
,0,12,52,15,1,1,0
,0,12,50,19,0,1,0
23.07,0,13,48,38,0,1,0
,0,12,46,8,0,0,1
26,0,12,53,6,1,0,1
33.939999999999998,0,12,49,15,1,0,1
13.119999999999999,0,12,48,14,1,0,1
,1,12,46,14,1,0,1
13.75,1,13,45,28,1,0,1
7,0,12,49,11,0,1,0
10,0,13,49,28,0,1,0
,0,16,47,68,0,1,0
19.059999999999999,0,12,45,28,0,1,0
,1,9,47,5,1,0,1
15,1,12,49,9,0,0,1
,1,12,45,19,1,0,1
7.9000000000000004,1,11,49,2,1,0,1
29.800000000000001,0,14,47,25,1,0,1
9,1,12,47,19,0,0,1
18.75,1,12,53,2,1,0,1
8.3699999999999992,1,15,48,54,1,0,1
11,1,12,47,3,0,0,1
8.7200000000000006,0,15,49,24,0,0,1
9.9499999999999993,0,15,50,28,1,0,1
17.25,0,12,52,38,1,0,1
13.94,0,12,50,21,0,0,1
25.039999999999999,1,14,47,27,1,0,1
10.279999999999999,1,12,50,15,1,0,1
6.5499999999999998,1,9,49,4,1,0,1
,1,18,47,42,0,0,1
,1,12,48,7,1,0,1
36.200000000000003,0,16,47,32,0,0,1
23.25,0,14,45,14,1,0,1
16.34,1,12,48,24,1,0,1
8.1300000000000008,1,12,48,21,0,0,1
12.880000000000001,1,12,46,19,0,0,1
12.5,1,12,49,8,1,0,1
,0,12,52,24,0,0,1
23,0,12,50,32,0,0,1
38.75,0,12,47,22,0,0,1
4.7999999999999998,1,9,50,10,0,1,0
21.75,0,12,52,30,0,1,0
14.539999999999999,1,12,45,32,1,1,0
12.25,1,0,51,,0,1,0
18.260000000000002,0,16,45,52,1,1,0
7.5,0,12,48,40,1,1,0
8.5,0,12,47,19,1,1,0
9.3499999999999996,0,13,51,54,1,1,0
,0,12,48,13,1,0,1
20.760000000000002,0,14,48,10,1,0,1
,1,12,49,12,1,1,0
23.620000000000001,0,13,49,3,0,0,1
,0,14,48,17,0,0,1
14,0,13,48,7,0,0,1
11.039999999999999,1,15,45,9,0,0,1
9,0,12,51,8,0,0,1
15.4,0,15,46,21,1,0,1
12.57,0,16,51,62,1,0,1
23.52,0,16,50,59,1,0,1
14.949999999999999,0,16,49,96,0,0,1
24.030000000000001,1,12,51,32,1,0,1
7.5499999999999998,1,12,47,23,0,0,1
15.5,1,12,45,49,0,0,1
15.380000000000001,1,14,48,46,0,0,1
15.99,1,13,46,33,1,0,1
19,0,14,49,33,0,0,1
7.25,0,13,45,1,0,0,1
13.73,0,18,52,58,1,0,1
11,0,13,50,13,1,0,1
28.84,0,16,49,25,1,0,1
28,0,12,48,87,0,0,1
,1,13,49,1,1,0,1
,0,18,49,74,1,0,1
,0,14,49,49,0,0,1
,1,12,52,3,1,0,1
7.5,0,12,52,16,1,0,1
13.880000000000001,1,12,51,55,1,0,1
8,1,14,52,25,1,0,1
66.799999999999997,0,18,51,74,0,0,1
14,0,13,51,,0,0,1
22.219999999999999,0,18,48,62,1,0,1
,0,20,50,38,0,0,1
96.150000000000006,0,16,45,25,0,0,1
50.210000000000001,0,16,46,37,1,0,1
34.130000000000003,0,16,48,76,1,0,1
6.9699999999999998,1,12,48,8,0,0,1
3.8399999999999999,1,14,47,69,0,0,1
15.65,1,13,46,40,1,0,1
43.259999999999998,0,16,51,75,1,0,1
7,0,14,47,20,1,0,1
71.920000000000002,0,20,46,91,0,0,1
53.409999999999997,0,16,50,26,0,0,1
11.5,0,12,49,14,0,0,1
13.18,0,13,47,17,1,0,1
14.31,0,12,51,12,1,0,1
22.5,1,12,52,43,0,0,1
22.59,1,12,51,11,1,0,1
11.33,1,12,49,3,1,0,1
14.42,1,13,48,21,1,0,1
10,0,12,50,18,1,0,1
,1,1,50,1,0,0,1
10.5,0,12,49,22,0,0,1
,0,12,50,2,0,0,1
,0,11,51,10,0,0,1
9.75,0,12,50,39,0,0,1
10.75,0,14,48,24,1,0,1
8.75,1,12,52,12,1,0,1
,1,10,50,2,1,0,1
,1,12,49,10,0,0,1
9.6999999999999993,1,12,48,4,0,0,1
14.949999999999999,1,12,46,6,0,0,1
48.009999999999998,0,16,48,77,0,0,1
9,1,12,47,39,1,1,0
18,1,12,46,42,0,1,0
8.5,0,12,47,30,1,0,1
,1,15,47,35,1,0,1
21.5,1,15,52,49,1,0,1
8.6500000000000004,1,12,48,18,0,0,1
,0,18,52,54,0,0,1
15,0,12,49,10,0,0,1
26.440000000000001,0,15,48,16,1,0,1
16.5,0,13,47,13,1,0,1
,0,12,46,12,0,0,1
18.25,1,12,52,83,0,0,1
21.629999999999999,1,12,46,28,1,0,1
,1,10,49,4,1,0,1
15.4,0,15,46,,1,0,1
15,1,12,50,6,0,0,1
,0,13,50,35,0,0,1
8,1,13,52,34,1,0,1
,1,12,49,43,0,0,1
,0,15,46,19,0,0,1
33.539999999999999,0,20,46,49,1,0,1
,0,12,50,10,1,0,1
,0,10,49,3,1,0,1
,0,8,48,13,1,0,1
,0,14,47,16,0,0,1
12,0,12,49,28,1,0,1
,0,12,49,,0,0,1
,0,12,50,1,1,0,1
,0,12,47,2,1,0,1
20,0,12,51,2,1,0,1
18.850000000000001,1,12,50,16,1,0,1
12.01,1,12,49,7,0,0,1
13,0,13,49,19,1,0,1
12.77,0,12,47,2,1,0,1
72.109999999999999,0,15,47,73,0,0,1
,0,12,45,1,1,0,1
,1,12,47,18,0,0,1
10.23,1,12,45,10,0,0,1
,1,12,49,10,1,0,1
,1,16,48,71,0,0,1
,1,12,46,11,0,0,1
11.75,0,13,52,8,1,0,1
31.25,0,12,46,,1,0,1
9.8800000000000008,0,12,50,26,0,0,1
,1,12,49,1,1,0,1
18,1,13,48,30,1,0,1
19.789999999999999,0,12,51,17,1,0,1
19.23,0,12,51,14,0,0,1
61.049999999999997,0,20,47,83,1,0,1
16,0,12,51,13,1,1,0
13.75,0,8,51,4,0,1,0
8.9000000000000004,0,3,48,1,1,1,0
28.84,0,8,52,13,0,1,0
22.129999999999999,1,14,45,27,1,0,1
28,0,16,52,30,1,0,1
26.920000000000002,1,14,47,30,1,1,0
36,1,16,46,26,1,0,1
27,1,12,49,2,1,0,1
,1,10,49,3,1,0,1
25.100000000000001,1,12,51,12,0,0,1
19.23,1,10,46,6,0,0,1
5.8099999999999996,1,12,47,2,1,0,1
6.6600000000000001,1,14,52,9,0,0,1
6.6600000000000001,1,12,49,5,0,0,1
17,1,12,47,17,1,0,1
,1,13,51,10,0,0,1
,1,11,49,11,1,0,1
15.289999999999999,1,11,46,19,1,0,1
,0,14,51,30,0,0,1
21.75,1,13,48,30,1,0,1
10.57,0,12,48,12,1,0,1
,0,12,51,10,1,1,0
,0,12,46,38,1,1,0
34.259999999999998,0,17,48,56,0,1,0
29.739999999999998,0,14,47,22,1,1,0
,1,12,45,13,1,1,0
32.210000000000001,1,16,50,13,1,1,0
,1,12,48,20,1,1,0
,1,12,47,11,1,1,0
50.600000000000001,0,14,48,58,0,0,1
,0,8,49,8,1,1,0
13.369999999999999,0,12,47,34,0,0,1
,1,12,52,,1,0,1
,1,11,46,8,1,0,1
10,1,8,46,3,0,0,1
24.030000000000001,1,15,46,29,1,0,1
5.2000000000000002,1,12,45,9,1,0,1
,0,12,48,11,0,0,1
6.1100000000000003,0,12,47,14,1,0,1
11.300000000000001,0,10,45,12,1,0,1
9.6099999999999994,0,18,50,15,0,0,1
,0,13,47,11,0,0,1
,1,11,46,12,1,0,1
13.34,1,13,46,21,0,0,1
25.640000000000001,1,18,47,15,0,0,1
16,1,12,53,20,0,0,1
22.059999999999999,0,14,47,8,0,0,1
,0,20,52,81,1,0,1
,1,16,49,3,0,0,1
24.440000000000001,0,15,49,71,0,0,1
61.960000000000001,0,19,46,84,1,0,1
16.600000000000001,1,12,47,20,1,0,1
28.75,1,14,47,17,1,0,1
12.630000000000001,1,12,46,21,0,0,1
2.2400000000000002,0,12,52,11,1,0,1
15.35,0,12,51,23,0,0,1
,0,12,49,12,0,0,1
6.9699999999999998,0,12,46,11,1,0,1
11,0,12,46,19,1,0,1
16.82,0,16,47,17,1,0,1
28.84,0,16,47,69,1,0,1
40.450000000000003,1,18,46,68,1,0,1
20.829999999999998,1,16,51,62,1,0,1
9.3699999999999992,1,12,49,40,0,0,1
21.920000000000002,0,17,48,67,1,0,1
23.75,0,15,49,14,0,0,1
9.0999999999999996,0,12,47,12,1,0,1
9.0999999999999996,0,12,46,5,0,0,1
8.3300000000000001,0,15,52,38,1,0,1
10,1,13,50,3,1,0,1
46.380000000000003,1,16,51,27,1,1,0
15.949999999999999,1,9,50,12,0,1,0
40.039999999999999,0,10,52,21,0,1,0
14.9,0,13,52,64,1,1,0
10.460000000000001,0,12,45,47,0,0,1
4.6100000000000003,0,12,48,28,0,0,1
20.469999999999999,0,12,46,6,0,0,1
,1,12,49,10,0,0,1
,1,14,45,17,1,0,1
,1,12,47,5,1,0,1
9,1,12,45,11,1,0,1
8,0,14,45,49,1,0,1
12.800000000000001,1,12,47,4,0,0,1
12.5,1,16,52,19,0,0,1
,1,14,52,20,0,0,1
25.48,1,18,48,45,1,0,1
26.550000000000001,0,19,51,87,0,1,0
3.9399999999999999,0,15,48,13,1,1,0
20.420000000000002,0,16,49,59,1,0,1
43.119999999999997,0,17,48,57,0,0,1
46.149999999999999,0,20,46,86,0,0,1
,1,16,47,27,1,0,1
64.099999999999994,1,16,45,22,0,0,1
10,0,10,48,3,0,0,1
8.5,0,12,52,4,1,0,1
,0,14,50,43,1,0,1
27.879999999999999,0,12,48,8,0,0,1
7.6900000000000004,0,12,46,10,0,0,1
,0,12,47,36,1,0,1
,1,13,46,11,1,0,1
,0,13,48,14,0,0,1
,0,12,50,4,0,0,1
17.5,0,15,47,47,0,0,1
13.949999999999999,0,14,51,45,1,0,1
9.5,0,12,46,2,1,0,1
23.629999999999999,0,12,51,14,1,0,1
13.02,0,12,50,18,1,0,1
28.84,0,16,51,33,1,0,1
25.48,1,13,46,12,1,0,1
27.77,0,16,48,42,1,0,1
17.870000000000001,0,15,45,38,1,0,1
19.23,0,15,51,46,1,0,1
32.780000000000001,0,18,45,69,0,0,1
11.300000000000001,0,12,49,27,0,0,1
17.09,0,12,46,38,0,0,1
7.9500000000000002,1,12,49,3,1,0,1
7,1,12,46,2,0,0,1
,1,12,45,2,1,0,1
27.5,0,13,48,46,1,0,1
22.109999999999999,0,12,50,9,0,0,1
63.950000000000003,1,20,53,77,0,1,0
21.149999999999999,1,14,47,53,0,1,0
57.140000000000001,0,14,46,46,1,1,0
10,0,16,46,58,1,1,0
30.09,0,14,48,79,0,1,0
38.049999999999997,0,17,51,99,1,1,0
67.689999999999998,0,20,49,96,0,1,0
,0,12,45,89,1,1,0
21,0,12,49,35,1,1,0
,1,12,48,23,1,0,1
,1,13,50,41,1,0,1
2.5600000000000001,0,12,47,12,0,0,1
6.54,1,16,50,20,1,0,1
14.76,1,14,50,23,1,0,1
14,1,17,49,27,1,0,1
20.190000000000001,1,12,48,30,1,0,1
25,1,12,46,29,1,0,1
,1,9,46,2,1,0,1
13.26,0,14,52,64,1,0,1
8.75,1,15,48,44,1,0,1
,0,12,47,1,0,0,1
4.0800000000000001,0,12,48,1,1,0,1
,0,12,46,1,1,0,1
6.6200000000000001,1,12,46,1,1,0,1
20.190000000000001,1,16,46,10,1,0,1
42.170000000000002,1,16,47,40,1,0,1
42.780000000000001,0,17,52,25,0,0,1
,0,9,51,,1,0,1
,0,8,47,1,0,0,1
,0,8,46,1,0,0,1
,0,9,50,13,1,0,1
,0,12,46,13,1,0,1
7.25,1,12,51,14,1,0,1
9.1699999999999999,1,12,48,18,0,0,1
7.75,1,12,46,5,0,0,1
31.25,0,12,46,2,0,0,1
18.260000000000002,0,16,49,,1,0,1
35.759999999999998,0,15,50,44,0,1,0
36.049999999999997,0,13,49,49,0,1,0
15.859999999999999,0,12,46,20,0,1,0
15.380000000000001,0,13,49,14,0,0,1
12.58,0,16,47,22,1,0,1
11.630000000000001,0,14,46,24,1,0,1
21,0,19,50,32,1,0,1
,0,20,48,25,1,0,1
23.550000000000001,0,14,48,22,1,0,1
23,0,14,47,17,1,0,1
8.5,0,12,47,7,0,0,1
7,1,12,46,65,1,0,1
21.25,0,12,50,19,0,0,1
,0,12,52,12,0,0,1
30.920000000000002,0,16,51,60,0,0,1
18.23,0,15,49,65,1,0,1
14.42,0,16,46,20,1,0,1
17.329999999999998,0,16,45,28,0,0,1
15.19,1,12,47,23,1,0,1
8,1,12,52,4,1,0,1
7.5,0,12,47,22,1,0,1
,0,12,45,26,0,0,1
,1,12,49,7,1,0,1
,1,16,46,7,1,0,1
10.220000000000001,0,16,51,85,1,0,1
,0,10,52,1,0,0,1
,0,12,46,15,1,0,1
,0,12,49,17,1,0,1
30.760000000000002,0,12,49,,0,0,1
,0,12,47,7,1,0,1
,0,12,46,12,1,0,1
,0,12,48,8,0,0,1
,0,12,49,9,1,0,1
11,0,15,52,9,1,0,1
20,0,11,51,7,0,0,1
,0,12,51,14,1,0,1
10,1,12,52,19,0,0,1
17.850000000000001,1,14,50,21,0,0,1
23.440000000000001,1,14,51,54,1,0,1
10.76,1,14,47,25,1,0,1
19.510000000000002,0,15,48,21,0,0,1
11.300000000000001,1,11,49,3,0,0,1
,1,11,48,4,1,0,1
6.75,1,10,46,2,1,0,1
20.359999999999999,1,12,48,32,0,0,1
14.5,1,12,47,25,0,0,1
,1,13,46,24,0,0,1
7.25,1,12,50,3,1,0,1
17.859999999999999,1,12,50,54,1,0,1
11.25,1,13,48,9,0,0,1
41.359999999999999,1,20,45,85,1,0,1
,0,12,52,1,1,1,0
18,1,9,46,6,0,1,0
11.18,0,12,48,27,1,1,0
,0,12,49,55,0,1,0
8,0,12,49,14,0,1,0
17,0,16,47,77,1,1,0
24,0,12,50,31,0,1,0
6.5300000000000002,1,12,47,2,0,0,1
11.199999999999999,1,10,49,2,1,0,1
,1,8,48,1,0,0,1
14.5,1,12,46,7,1,0,1
16.66,1,12,45,18,1,0,1
28.84,0,16,47,97,0,0,1
10.52,0,14,53,22,1,1,0
69.930000000000007,0,13,46,67,0,1,0
15.380000000000001,0,12,50,59,0,1,0
36.68,0,12,48,18,0,1,0
18.57,1,9,46,8,0,1,0
10,0,14,46,40,1,1,0
102.56,0,20,47,88,0,1,0
,1,16,45,,0,1,0
96.150000000000006,0,20,49,94,0,1,0
,1,13,46,1,1,1,0
5.2999999999999998,1,13,48,56,0,0,1
,1,12,46,32,0,0,1
21.629999999999999,0,16,49,22,0,0,1
16,0,15,49,17,0,0,1
,1,12,46,6,0,1,0
25.960000000000001,0,15,49,55,1,1,0
25,0,16,45,50,0,1,0
4,1,17,46,35,1,0,1
36.049999999999997,1,18,45,67,1,0,1
,0,13,48,22,1,0,1
29.800000000000001,0,14,45,25,1,0,1
14.609999999999999,1,12,47,6,0,0,1
12.98,1,12,50,17,1,0,1
,0,8,49,20,0,1,0
,0,10,48,9,1,1,0
15.279999999999999,0,13,48,12,1,1,0
5.4400000000000004,0,12,49,,0,1,0
2.3999999999999999,1,10,48,53,0,1,0
,1,12,47,68,0,1,0
,0,13,45,30,0,1,0
,0,12,47,,0,1,0
16.25,1,14,46,,0,1,0
19,0,12,46,23,1,1,0
,1,13,48,14,0,1,0
32.350000000000001,0,15,48,60,1,0,1
36.049999999999997,0,12,48,17,0,0,1
17.440000000000001,0,18,47,27,1,0,1
65.75,1,16,51,92,1,1,0
69.709999999999994,0,16,51,99,0,1,0
44.869999999999997,0,18,49,96,1,1,0
44.170000000000002,0,14,49,40,1,0,1
11.25,0,12,53,35,1,0,1
,1,7,47,,1,0,1
23,1,13,46,14,1,0,1
,1,10,45,8,1,0,1
,0,12,48,8,1,0,1
,0,9,49,3,1,0,1
24.030000000000001,0,14,50,40,0,0,1
10.619999999999999,1,13,51,8,0,0,1
,0,12,50,11,1,0,1
17.5,0,14,48,31,1,0,1
7.1200000000000001,0,15,46,7,1,0,1
,0,12,45,4,0,0,1
14.710000000000001,1,16,52,25,0,0,1
27.969999999999999,1,12,48,53,0,0,1
,1,15,45,40,1,0,1
,0,15,50,9,0,0,1
,0,13,49,7,0,0,1
,1,14,51,24,1,0,1
8,1,12,47,1,0,0,1
14.539999999999999,1,17,48,20,1,0,1
11.25,1,11,46,7,1,0,1
,1,9,52,4,1,0,1
25.93,0,12,52,37,0,0,1
26,1,13,51,57,1,0,1
26.440000000000001,1,16,48,52,0,0,1
26.920000000000002,1,16,47,23,1,0,1
26.969999999999999,1,14,45,35,1,0,1
,1,17,48,49,1,0,1
23,1,16,49,30,0,0,1
15,0,13,48,21,1,0,1
19.23,0,12,50,8,0,0,1
,0,13,51,6,1,0,1
13.800000000000001,0,12,45,21,0,0,1
,0,12,48,15,1,0,1
35,0,14,47,25,1,0,1
10,0,13,46,26,0,0,1
,1,12,53,6,1,0,1
,1,12,48,5,0,0,1
21.190000000000001,0,18,45,18,0,0,1
20.620000000000001,0,13,52,50,1,0,1
10.65,0,12,50,15,1,0,1
10,0,12,47,4,1,0,1
7,0,12,45,3,1,0,1
7.3899999999999997,1,12,45,10,0,0,1
13.640000000000001,0,16,47,70,0,0,1
12.630000000000001,0,14,47,60,0,0,1
13,0,13,46,23,1,0,1
,1,12,49,4,1,0,1
17.620000000000001,1,14,47,30,1,1,0
13.710000000000001,1,12,50,21,1,0,1
18.800000000000001,1,18,51,53,1,0,1
20.199999999999999,0,15,46,26,1,0,1
,0,14,51,25,1,0,1
17.09,0,16,46,29,0,0,1
24.030000000000001,0,16,49,23,1,0,1
15.109999999999999,0,17,46,11,1,0,1
7.0700000000000003,0,14,49,17,1,0,1
17.879999999999999,1,16,46,12,1,0,1
,1,12,45,2,0,0,1
27.5,0,13,48,30,0,0,1
11.960000000000001,1,12,51,8,0,0,1
,1,12,50,2,0,0,1
,1,12,47,10,0,0,1
45.670000000000002,1,17,49,36,0,0,1
,1,12,45,1,1,0,1
8.75,1,12,52,35,0,0,1
,1,12,47,17,1,0,1
17,0,15,51,53,0,0,1
325.57999999999998,0,16,49,67,1,0,1
,0,15,49,20,0,0,1
24.149999999999999,0,12,48,8,1,0,1
10,0,12,45,12,0,0,1
6.5,1,12,49,28,0,0,1
14,0,12,47,14,0,0,1
,0,15,50,77,0,1,0
36,0,14,49,34,0,1,0
51.700000000000003,0,18,46,76,0,1,0
,0,20,51,99,0,1,0
5.7199999999999998,0,12,49,,0,1,0
96.150000000000006,0,14,49,49,0,1,0
,1,14,49,72,1,1,0
14.42,1,16,52,80,0,0,1
20.34,0,17,50,53,1,0,1
30.210000000000001,0,18,50,80,1,1,0
11.31,1,19,49,70,1,0,1
50,1,19,52,41,1,0,1
17.780000000000001,0,12,47,17,1,1,0
,0,12,53,9,1,1,0
12.17,0,12,46,10,0,1,0
26.199999999999999,0,12,46,28,1,1,0
17.100000000000001,0,12,50,34,0,1,0
,1,12,49,1,0,0,1
,0,14,52,10,1,0,1
10,0,12,52,8,1,0,1
21.809999999999999,1,12,48,11,1,0,1
,0,12,49,16,0,0,1
,0,13,50,41,0,0,1
15,0,12,48,1,1,0,1
,0,7,47,1,0,0,1
14.5,1,12,51,42,0,1,0
20,1,12,48,12,1,0,1
,0,13,46,12,0,0,1
19.75,0,12,49,5,1,0,1
15,1,12,47,13,0,0,1
,0,12,46,4,0,0,1
36.530000000000001,0,13,47,21,1,0,1
13,0,12,50,1,1,0,1
,1,12,49,6,0,0,1
12.789999999999999,1,12,52,21,1,0,1
12,0,12,49,15,1,0,1
13.619999999999999,1,12,46,8,1,0,1
24.899999999999999,0,14,47,10,1,1,0
,1,12,50,10,1,1,0
19.23,0,12,48,30,1,0,1
11.85,0,12,45,1,1,1,0
9.3000000000000007,0,12,49,12,1,1,0
9.6799999999999997,0,12,47,9,1,1,0
25,0,12,45,14,1,1,0
39.200000000000003,0,14,47,65,1,1,0
5.2300000000000004,0,12,52,48,0,0,1
7.9699999999999998,0,13,52,16,1,0,1
9.3000000000000007,1,9,49,1,0,1,0
22,1,14,47,20,1,1,0
2.1400000000000001,1,12,46,1,0,0,1
,1,12,52,1,1,1,0
,0,12,51,8,1,1,0
31.25,0,12,49,46,0,1,0
6.25,0,13,48,,0,0,1
12,1,15,46,7,1,0,1
,1,12,45,1,1,0,1
18,0,13,52,24,1,0,1
100,1,18,50,83,0,0,1
13.199999999999999,1,12,47,21,1,0,1
,0,12,52,,0,0,1
5.7199999999999998,0,12,51,24,0,0,1
13.800000000000001,0,12,46,6,0,0,1
12.85,0,12,46,6,0,0,1
,0,12,46,32,1,1,0
,1,6,51,5,1,1,0
27,0,12,52,17,0,1,0
14,0,10,49,14,0,1,0
8.3699999999999992,0,11,48,13,1,1,0
25.640000000000001,0,12,47,41,0,1,0
9.6099999999999994,0,12,47,30,0,1,0
9.3000000000000007,0,12,46,32,0,1,0
22,0,13,50,58,0,1,0
,0,10,50,40,1,1,0
14.75,0,12,48,46,1,1,0
,0,12,46,30,0,1,0
14.5,0,11,50,20,1,1,0
22.059999999999999,0,14,48,64,1,1,0
16,1,10,48,16,0,1,0
15.31,1,12,46,46,1,1,0
13,1,18,51,20,0,1,0
7.9100000000000001,1,10,49,1,0,0,1
6,1,15,50,48,0,0,1
0.56999999999999995,1,16,49,74,0,0,1
12.529999999999999,1,14,47,27,1,0,1
,1,12,52,19,0,1,0
24.030000000000001,1,14,52,42,0,0,1
42.020000000000003,0,13,46,39,0,1,0
,0,12,52,24,0,1,0
20.25,0,13,49,17,1,1,0
28.84,0,12,46,3,0,1,0
34.229999999999997,1,14,53,38,1,0,1
33.07,1,13,52,18,0,1,0
16.25,0,14,46,21,1,0,1
8.7200000000000006,1,11,48,2,0,0,1
10,1,12,46,4,1,0,1
20.02,0,14,51,46,0,1,0
13.460000000000001,1,12,49,21,1,1,0
19.23,1,12,48,38,0,1,0
8.25,1,12,46,14,1,1,0
14.300000000000001,0,12,50,24,0,1,0
8,1,12,47,8,1,1,0
,1,12,46,26,1,1,0
,1,12,46,20,1,1,0
,1,9,46,2,1,1,0
,1,10,48,,0,1,0
19.149999999999999,1,12,50,4,0,1,0
29.059999999999999,0,12,49,47,0,1,0
9.75,0,11,49,7,0,1,0
,0,12,48,25,1,1,0
36.310000000000002,0,13,46,43,0,1,0
15.5,0,12,48,58,0,1,0
17,0,12,50,20,1,1,0
,0,12,48,14,1,1,0
8,1,12,51,,0,1,0
,1,11,49,2,1,1,0
6.9699999999999998,1,12,46,8,0,1,0
16.859999999999999,0,14,46,27,1,1,0
13.029999999999999,1,12,47,17,1,1,0
,0,5,52,,1,1,0
10.25,0,9,49,26,0,1,0
16,0,6,47,13,0,1,0
,0,20,52,31,1,1,0
51.609999999999999,1,20,52,75,1,1,0
,0,14,51,14,1,0,1
19.5,0,12,50,33,1,1,0
19.370000000000001,0,11,49,33,0,1,0
11.539999999999999,0,12,47,39,1,1,0
,0,10,46,15,0,1,0
,1,17,48,29,0,1,0
16.27,0,15,48,5,1,1,0
11.5,0,12,48,9,1,1,0
44.710000000000001,1,12,50,63,0,1,0
12,1,11,48,13,0,1,0
25.48,1,12,47,31,0,1,0
,1,8,45,35,0,1,0
43.259999999999998,1,12,48,73,1,1,0
33.829999999999998,1,16,52,78,1,1,0
8.3300000000000001,1,10,52,3,0,1,0
22.09,1,16,52,85,1,0,1
10,0,13,52,29,1,1,0
5.8099999999999996,1,10,52,7,0,1,0
30,1,16,52,47,1,1,0
,1,12,48,15,0,1,0
25.579999999999998,0,13,49,36,0,1,0
12.23,0,12,48,30,1,1,0
78.519999999999996,0,17,50,15,1,0,1
,1,14,52,47,0,1,0
,1,12,50,48,1,1,0
23.25,1,11,49,21,0,1,0
,1,14,51,53,1,1,0
,0,15,48,,1,1,0
14,1,12,52,18,0,1,0
29.91,1,14,45,12,1,1,0
18.460000000000001,0,12,48,30,0,1,0
,1,12,49,32,0,1,0
14.67,1,15,51,30,1,0,1
,1,14,51,54,0,0,1
7.75,0,16,46,21,1,0,1
37,1,16,47,8,1,0,1
11,1,20,46,15,1,0,1
31.25,0,12,49,26,1,0,1
43.259999999999998,0,20,46,66,0,0,1
30.760000000000002,1,16,46,30,0,0,1
,1,12,50,49,0,0,1
7.7999999999999998,0,14,48,26,1,0,1
230.75999999999999,0,16,52,94,0,1,0
10.98,0,14,48,13,1,0,1
12,0,12,45,14,1,1,0
9.5,1,13,49,41,1,0,1
,1,13,50,11,1,0,1
1.9199999999999999,0,12,51,,0,0,1
,0,6,49,1,1,1,0
9.3000000000000007,0,11,47,8,1,1,0
28,1,9,51,15,0,1,0
17.620000000000001,0,14,46,25,0,1,0
21.280000000000001,0,10,49,10,0,1,0
23.07,0,17,47,30,1,0,1
14.42,0,14,49,34,1,1,0
23.07,0,14,51,83,0,1,0
,1,12,51,,1,1,0
12.82,1,13,51,4,0,1,0
23.329999999999998,0,12,52,2,0,1,0
15.9,0,12,48,33,0,1,0
,0,15,47,14,0,1,0
11.699999999999999,0,6,49,10,0,1,0
1.6599999999999999,0,10,47,7,0,1,0
,0,6,48,1,1,1,0
11.619999999999999,1,4,50,1,1,1,0
,0,14,52,74,0,1,0
2,0,16,49,49,1,1,0
16,0,8,53,1,0,1,0
14.75,0,3,50,1,0,1,0
12,0,15,47,14,0,1,0
20.43,1,14,52,49,1,1,0
43.869999999999997,0,20,46,36,1,1,0
28.449999999999999,0,13,49,78,1,1,0
19.899999999999999,0,10,46,5,0,1,0
,0,8,46,3,0,1,0
19.18,0,12,46,35,1,1,0
66.879999999999995,0,19,52,67,1,1,0
32.689999999999998,0,16,52,52,1,1,0
58.520000000000003,0,20,52,73,1,1,0
89.739999999999995,0,12,46,67,1,1,0
13.890000000000001,1,12,51,22,1,0,1
16.25,0,12,51,8,0,0,1
19.23,0,13,49,25,1,0,1
,0,13,47,79,1,1,0
46.149999999999999,0,17,46,34,0,1,0
22.800000000000001,0,16,51,62,0,1,0
25,0,12,48,16,1,1,0
24.030000000000001,1,14,48,38,0,1,0
,1,13,47,12,1,1,0
27,1,11,48,45,0,1,0
11.52,1,12,45,32,0,1,0
,1,14,47,43,1,1,0
25.109999999999999,0,14,51,77,1,1,0
,0,20,47,70,1,1,0
,0,16,52,15,1,1,0
38.460000000000001,0,16,48,49,1,1,0
21,0,12,52,16,0,1,0
47.109999999999999,0,16,49,17,0,1,0
32.600000000000001,0,18,48,23,0,1,0
,0,13,50,24,0,0,1
14.85,0,12,51,10,0,1,0
38.460000000000001,0,12,46,12,1,1,0
1.22,0,11,47,1,1,1,0
75,0,12,50,43,0,1,0
,0,15,45,51,0,1,0
21.25,0,12,46,46,0,1,0
45.670000000000002,0,12,49,17,0,1,0
37.5,0,16,52,42,1,1,0
17.5,0,12,49,71,1,1,0
13.5,0,12,53,4,0,1,0
,0,12,52,4,1,1,0
28.120000000000001,0,12,46,21,1,1,0
15,0,14,46,16,1,1,0
14.42,1,7,49,1,0,1,0
14,0,11,47,5,1,1,0
16.66,1,9,49,17,0,1,0
24.030000000000001,0,12,48,24,1,1,0
10.09,1,12,50,2,0,0,1
,1,12,49,18,1,0,1
10.5,1,11,52,4,0,0,1
8.7200000000000006,0,13,50,49,0,0,1
,1,12,53,1,1,1,0
,1,11,52,4,0,1,0
,0,6,49,,1,1,0
6.1500000000000004,0,12,47,19,0,1,0
8,0,6,49,1,1,1,0
11,1,12,51,42,0,1,0
,0,9,52,1,0,1,0
21.25,1,12,52,8,0,0,1
,1,11,49,10,1,0,1
10,0,9,50,6,0,1,0
2.75,1,11,47,14,1,1,0
35.25,1,13,48,16,0,1,0
,0,13,47,48,1,1,0
17.300000000000001,0,12,49,1,0,1,0
47.229999999999997,1,19,50,48,1,1,0
13.1,0,13,47,37,1,1,0
20.600000000000001,0,16,46,56,0,1,0
17.300000000000001,0,12,53,34,0,0,1
60.57,0,16,50,91,1,1,0
20.190000000000001,0,15,48,71,1,1,0
32.5,0,12,46,75,0,1,0
67.299999999999997,0,12,45,23,0,1,0
11,0,3,51,1,0,1,0
5.0800000000000001,0,12,46,15,0,1,0
33,0,14,52,67,1,1,0
27.469999999999999,0,20,50,82,0,1,0
,0,18,49,86,1,1,0
23.800000000000001,0,14,48,36,0,1,0
24,0,13,47,46,0,0,1
21.629999999999999,0,12,46,17,0,0,1
,0,12,48,49,1,1,0
16.82,0,12,47,14,0,0,1
,0,12,50,4,0,0,1
,1,12,46,11,0,0,1
,1,12,45,1,0,0,1
16,1,13,50,17,0,0,1
,1,12,51,1,0,0,1
23.07,0,15,49,49,1,0,1
,1,12,50,8,0,0,1
15,1,12,48,5,1,0,1
8.0099999999999998,1,12,47,2,0,0,1
36.049999999999997,1,17,45,9,0,0,1
50,0,16,51,23,1,1,0
18.370000000000001,0,6,49,2,1,1,0
12.75,0,12,51,12,1,1,0
8.3800000000000008,1,10,48,5,1,1,0
12.82,1,18,48,17,1,1,0
18.140000000000001,0,18,46,60,0,1,0
7.8099999999999996,0,8,51,5,1,1,0
22.59,0,12,51,8,1,1,0
14,0,15,48,10,1,1,0
16,0,12,53,24,0,1,0
12.01,0,14,45,8,0,1,0
,1,12,48,2,1,1,0
32,1,14,47,27,0,1,0
17.890000000000001,0,14,53,26,1,1,0
23.449999999999999,1,12,48,29,0,1,0
14.9,0,12,51,67,1,1,0
12,0,12,49,1,0,1,0
25.75,0,12,50,47,0,1,0
,1,13,52,35,1,1,0
,0,14,52,19,1,1,0
13.539999999999999,1,12,51,49,0,1,0
21.149999999999999,1,12,52,18,1,1,0
13.029999999999999,1,9,52,8,1,1,0
,1,12,47,6,1,0,1
18.949999999999999,1,12,50,21,0,1,0
4.4100000000000001,0,12,48,24,0,1,0
26.329999999999998,1,10,51,1,0,1,0
,0,14,45,22,0,0,1
20.43,1,13,45,10,1,1,0
27.870000000000001,1,12,45,10,0,1,0
9.2599999999999998,1,10,46,2,1,1,0
,0,11,50,,0,1,0
3.5699999999999998,1,3,53,,1,1,0
40.380000000000003,0,17,50,82,1,1,0
45.340000000000003,0,16,48,81,0,1,0
21.629999999999999,0,13,47,13,0,1,0
20.379999999999999,0,17,48,71,0,1,0
30.760000000000002,0,12,49,59,0,1,0
,1,6,50,3,1,1,0
18,0,8,46,,0,1,0
10.34,0,7,48,7,1,1,0
,0,12,48,22,0,1,0
19.760000000000002,0,13,47,32,1,1,0
17.100000000000001,1,12,46,23,1,1,0
21.239999999999998,0,12,47,40,1,1,0
10,0,12,46,39,0,1,0
9.5,0,12,45,7,0,1,0
,0,12,52,6,0,1,0
23.07,0,12,48,33,0,1,0
11.640000000000001,0,12,52,3,0,1,0
7.8899999999999997,0,12,48,23,0,1,0
14.699999999999999,1,12,47,12,1,1,0
,0,12,46,4,1,1,0
,0,9,46,4,0,1,0
8,0,12,46,24,0,1,0
17.09,1,12,46,22,1,1,0
2.3199999999999998,0,12,47,22,1,1,0
15,0,12,47,49,0,1,0
15.130000000000001,0,12,52,32,1,1,0
19.93,1,15,48,21,0,1,0
6.25,1,13,46,20,1,1,0
,1,14,53,9,0,0,1
6.4100000000000001,0,16,47,11,1,1,0
27.350000000000001,1,20,45,25,1,1,0
29.84,1,12,46,29,0,1,0
,1,12,51,16,1,1,0
18.75,0,13,48,35,1,1,0
9.5,0,14,47,28,1,1,0
2.8799999999999999,0,7,49,1,1,1,0
15.69,0,12,52,11,1,0,1
11.5,0,12,48,,0,1,0
32.689999999999998,0,12,45,8,1,1,0
,0,8,47,,1,1,0
,1,12,46,39,0,1,0
43.890000000000001,1,14,50,54,0,1,0
,1,11,50,6,0,1,0
8,0,12,49,14,1,1,0
12.300000000000001,0,13,46,32,1,1,0
9,0,12,52,16,1,1,0
9.8499999999999996,0,12,50,13,1,1,0
,0,12,49,5,1,1,0
7.25,0,11,45,14,0,1,0
24.030000000000001,0,16,48,37,0,1,0
19.710000000000001,0,14,46,17,0,1,0
27.260000000000002,0,12,48,44,0,1,0
23.800000000000001,0,14,46,27,0,1,0
9.5,0,12,49,11,1,1,0
19,1,12,48,1,0,0,1
7.25,1,10,49,17,1,0,1
28.84,1,13,52,81,0,1,0
17.170000000000002,0,8,52,13,0,1,0
8.8900000000000006,0,13,50,25,1,1,0
,0,14,47,25,0,1,0
34.200000000000003,0,12,52,49,1,1,0
24.030000000000001,0,15,49,64,0,1,0
10,0,12,47,17,1,1,0
,0,11,46,10,0,1,0
21.84,0,16,52,62,1,1,0
16,0,12,45,18,1,1,0
28.629999999999999,0,18,48,12,1,1,0
9.0899999999999999,0,8,50,5,1,1,0
14.42,0,15,47,24,0,1,0
7.3200000000000003,0,10,47,4,1,1,0
12.01,0,12,50,7,0,1,0
,0,12,51,6,1,1,0
14,1,13,46,27,1,1,0
32.049999999999997,1,17,53,78,0,1,0
,0,12,49,31,0,1,0
,0,12,48,12,0,1,0
5.7599999999999998,0,12,47,15,1,1,0
10.73,0,18,49,68,1,0,1
24.030000000000001,0,12,48,14,0,0,1
47.600000000000001,0,16,46,32,1,0,1
4.7400000000000002,0,17,45,43,1,0,1
10.76,1,12,48,23,0,0,1
23.800000000000001,0,13,46,27,0,0,1
20.190000000000001,0,15,47,43,1,0,1
13.25,0,12,45,9,0,0,1
9.8900000000000006,0,18,50,27,1,0,1
23,1,18,47,70,1,0,1
24.609999999999999,0,18,47,42,1,0,1
11.25,0,13,46,2,1,0,1
23.949999999999999,0,12,46,7,0,0,1
21.75,0,14,49,49,1,0,1
10.6,0,12,47,7,0,0,1
7.5499999999999998,0,10,51,3,0,0,1
,0,13,47,26,1,1,0
38.460000000000001,0,16,47,67,1,0,1
25.170000000000002,0,12,49,62,0,1,0
26.57,0,16,46,38,0,1,0
,0,9,48,32,1,0,1
14.529999999999999,0,20,50,27,1,0,1
13,0,12,50,5,1,0,1
8,0,12,45,11,1,0,1
16.25,0,12,46,14,0,0,1
11.74,1,12,48,25,1,0,1
15.380000000000001,1,12,47,8,1,0,1
32.5,1,12,46,7,0,0,1
20.190000000000001,1,16,51,18,1,0,1
9.1300000000000008,1,13,49,15,1,0,1
24.5,1,16,45,32,1,0,1
,1,12,49,4,0,0,1
20,0,17,48,85,1,0,1
20.670000000000002,0,17,47,44,1,0,1
,0,14,50,17,1,0,1
11.18,1,14,50,40,1,0,1
7.25,0,12,53,25,1,0,1
7.5499999999999998,0,14,49,16,1,0,1
,0,12,52,11,0,0,1
9.4600000000000009,0,12,48,26,0,0,1
21,1,13,48,27,0,0,1
,0,12,47,14,0,0,1
9,0,12,45,11,1,0,1
,1,10,50,1,0,0,1
14.59,0,12,48,21,1,0,1
15.83,0,12,47,6,1,0,1
20.350000000000001,0,12,46,2,0,0,1
13,1,12,51,17,0,0,1
3.75,1,8,48,,0,0,1
,1,7,50,1,0,0,1
17.800000000000001,1,12,48,24,0,0,1
,1,12,45,19,1,0,1
,0,14,48,17,1,0,1
,0,18,46,13,1,0,1
12.5,0,14,49,27,1,0,1
,1,18,52,40,0,0,1
10.93,1,12,47,10,1,0,1
10.890000000000001,0,12,49,22,0,0,1
15.380000000000001,0,12,46,28,0,0,1
14.91,1,12,51,28,1,0,1
,1,14,51,39,0,0,1
,1,12,48,60,1,0,1
25.379999999999999,1,14,52,50,1,0,1
7.3700000000000001,1,12,47,2,1,0,1
14.83,1,12,47,26,1,0,1
30.82,1,12,48,25,0,0,1
11.529999999999999,0,12,45,23,0,0,1
7.5,0,12,46,16,1,0,1
14.73,1,12,47,38,1,0,1
13.44,1,12,45,1,0,0,1
,0,12,46,3,1,0,1
11.619999999999999,0,8,51,1,0,0,1
8.75,0,11,50,1,0,0,1
15.949999999999999,0,12,47,2,0,0,1
9.5,0,12,45,6,0,0,1
13,0,12,49,13,0,0,1
13.42,0,9,47,13,1,0,1
,0,12,53,3,1,0,1
14.24,0,12,52,1,1,0,1
17.510000000000002,0,13,46,13,0,0,1
10,1,13,50,27,1,0,1
,0,12,51,5,0,0,1
,0,12,49,4,0,0,1
28.379999999999999,0,13,47,37,0,0,1
,1,10,52,3,0,0,1
9,0,8,53,1,1,0,1
,1,13,45,13,0,0,1
51.619999999999997,0,12,48,1,1,0,1
21.670000000000002,1,12,49,10,0,0,1
33.649999999999999,1,13,46,16,0,0,1
11.81,0,12,46,8,1,0,1
,1,12,46,30,1,0,1
,0,12,52,31,0,0,1
19.23,0,12,49,45,1,0,1
38.460000000000001,0,12,52,18,1,0,1
11.09,1,12,50,12,1,0,1
23.550000000000001,1,19,46,23,0,0,1
16.82,0,12,51,12,1,0,1
18.260000000000002,0,16,49,43,1,0,1
18.75,0,15,48,24,0,0,1
8.5700000000000003,0,16,46,18,1,0,1
23.989999999999998,0,16,52,60,0,0,1
17,0,16,49,,0,0,1
28.359999999999999,0,17,47,37,0,0,1
,0,12,49,3,0,0,1
12.550000000000001,1,12,53,4,0,0,1
11.25,1,12,45,1,0,0,1
10,0,12,46,3,0,0,1
,0,12,46,1,1,0,1
3.5,0,13,49,14,0,0,1
18.260000000000002,0,12,49,27,1,0,1
20.190000000000001,0,16,50,20,1,0,1
,0,13,46,10,1,0,1
75.540000000000006,0,16,53,73,0,0,1
10,1,12,50,13,1,0,1
9.5899999999999999,1,12,48,11,1,0,1
12.35,1,12,46,14,1,0,1
17.300000000000001,0,15,47,18,1,0,1
,1,12,51,3,1,0,1
7.5,1,12,49,9,0,0,1
8.5500000000000007,1,12,48,6,0,0,1
25,0,14,48,39,1,0,1
18,0,13,45,9,0,0,1
,0,12,50,37,0,0,1
10,0,10,50,13,0,0,1
16.739999999999998,0,12,47,33,1,0,1
,1,14,50,19,1,0,1
12.5,1,12,47,15,0,0,1
,1,11,47,11,1,0,1
18.100000000000001,1,12,49,25,0,0,1
29.949999999999999,1,14,52,19,1,0,1
11.25,1,12,45,15,1,0,1
17,1,12,47,13,0,0,1
,0,16,45,14,1,0,1
12.5,1,20,47,8,0,0,1
,1,16,46,19,0,0,1
18.719999999999999,1,15,52,49,1,0,1
7.6900000000000004,1,16,52,,1,0,1
25.02,1,12,50,,0,0,1
14.44,1,11,51,17,0,0,1
0.56999999999999995,1,12,49,2,0,0,1
15.949999999999999,0,12,50,9,1,0,1
7.6900000000000004,0,12,46,14,1,0,1
14.5,0,14,48,9,0,0,1
15,1,11,49,1,0,0,1
13.75,1,10,49,1,0,0,1
9.3000000000000007,1,14,45,11,1,0,1
3.1000000000000001,0,13,50,15,1,0,1
11.6,1,16,46,4,1,0,1
17.5,1,12,49,3,0,0,1
8.5,0,12,46,6,1,0,1
,0,11,48,1,0,0,1
19.949999999999999,1,12,52,21,1,0,1
,1,13,46,6,1,0,1
31.91,0,18,48,21,1,0,1
26.77,0,16,46,20,0,0,1
16.5,1,14,48,24,0,1,0
7.5,1,12,46,26,1,1,0
,1,12,45,27,1,1,0
13,0,9,49,10,1,1,0
5.8099999999999996,0,9,48,,0,1,0
9,0,8,46,,0,1,0
19.23,1,12,51,70,0,1,0
17.620000000000001,1,11,46,48,0,1,0
,0,12,49,30,0,1,0
19.210000000000001,0,12,48,9,0,1,0
19.600000000000001,0,12,46,11,0,1,0
13.94,0,13,47,62,0,1,0
23.07,0,18,46,32,0,1,0
18.600000000000001,0,9,52,17,0,0,1
,0,16,51,91,1,1,0
10.32,0,12,45,6,1,0,1
,1,12,52,1,1,0,1
28.850000000000001,0,12,49,6,0,0,1
9.5,0,16,46,19,1,0,1
8.5,0,13,50,78,0,0,1
34.079999999999998,0,13,49,58,0,0,1
14.210000000000001,0,12,48,31,1,0,1
20.969999999999999,1,8,47,15,0,1,0
,0,10,48,6,1,1,0
43.75,0,12,47,13,0,1,0
,0,9,46,4,0,1,0
10,0,12,45,15,1,1,0
20,0,14,52,32,1,0,1
,1,12,49,10,1,0,1
10,0,12,49,1,0,1,0
,0,14,46,26,1,1,0
16.27,1,12,47,16,1,1,0
21.149999999999999,0,14,51,55,0,1,0
10,1,12,46,28,0,1,0
16.66,1,9,50,24,0,1,0
,1,14,47,28,1,1,0
12.1,1,13,46,37,0,1,0
21.149999999999999,0,17,46,32,1,1,0
13.67,1,14,49,64,0,1,0
9.8800000000000008,1,14,48,15,1,1,0
0.95999999999999996,0,10,48,2,0,1,0
5.6200000000000001,1,12,48,26,0,1,0
8.5800000000000001,0,12,49,11,1,1,0
10.029999999999999,0,10,46,4,0,1,0
,0,9,51,1,1,1,0
7.25,0,11,46,7,1,1,0
17,1,12,48,22,0,1,0
24.32,1,12,47,13,0,1,0
,0,15,51,27,1,1,0
8.1999999999999993,0,12,45,22,0,1,0
12.07,0,12,47,14,0,1,0
12.17,0,12,46,20,0,1,0
33.399999999999999,0,14,51,46,0,1,0
26.359999999999999,0,12,51,16,0,1,0
,0,12,48,17,0,1,0
16.530000000000001,0,17,52,13,1,1,0
9.3000000000000007,0,12,52,17,0,1,0
9.2300000000000004,1,12,53,6,1,1,0
10.09,0,12,49,38,1,1,0
12.5,0,14,48,38,1,1,0
17.739999999999998,0,12,47,18,0,1,0
7.5,1,12,50,8,1,1,0
32.25,0,16,51,46,1,1,0
29.199999999999999,0,13,49,57,0,1,0
11.42,0,13,47,19,1,1,0
,0,12,45,,0,1,0
30.760000000000002,0,18,50,45,1,1,0
19.23,0,13,49,39,0,1,0
17,0,16,47,16,1,1,0
11,1,12,48,25,0,1,0
11.25,1,12,50,23,0,1,0
14.5,1,13,48,21,1,1,0
,0,13,46,13,1,1,0
9.6099999999999994,0,12,52,24,0,1,0
18.579999999999998,0,13,50,32,1,1,0
18.219999999999999,0,12,46,54,0,1,0
13.69,1,14,48,19,0,1,0
17,0,12,52,16,1,1,0
28.57,0,12,50,31,0,1,0
,0,14,46,24,1,1,0
9.5,1,12,45,6,1,1,0
5.5499999999999998,0,13,46,25,0,1,0
15.18,1,11,45,12,0,1,0
7.75,1,12,47,24,1,1,0
7.0499999999999998,0,12,47,24,1,1,0
5.2300000000000004,0,13,49,22,1,1,0
12.91,1,12,48,14,0,1,0
38.149999999999999,0,13,49,24,0,1,0
35.57,0,16,47,44,1,1,0
14.26,0,12,47,24,1,1,0
24.030000000000001,0,13,51,64,0,1,0
13.02,1,12,48,17,1,1,0
,1,13,47,36,0,1,0
6.9699999999999998,1,12,46,22,0,1,0
,0,14,46,45,0,1,0
25,0,16,51,13,1,1,0
9.9600000000000009,0,15,49,36,1,1,0
11.77,0,15,47,29,1,1,0
34.609999999999999,1,17,46,78,0,1,0
7.6900000000000004,0,13,45,48,1,1,0
10.98,0,13,52,84,0,1,0
19.469999999999999,0,12,46,19,1,1,0
11.66,0,15,47,50,1,1,0
28.84,0,12,46,31,0,1,0
5.7599999999999998,0,9,45,6,1,1,0
5.8099999999999996,0,10,47,7,1,1,0
4.1600000000000001,0,12,45,6,0,1,0
24.030000000000001,0,13,48,59,0,1,0
22.75,0,14,46,37,0,1,0
,1,6,48,6,1,1,0
4.7999999999999998,1,12,48,18,0,1,0
23.449999999999999,1,12,47,12,0,1,0
16.02,1,12,49,,0,0,1
22.620000000000001,1,12,51,22,1,0,1
29.800000000000001,1,13,50,36,1,0,1
16,1,12,50,21,0,1,0
31.25,1,12,45,8,0,1,0
18.75,0,12,48,12,1,1,0
5.8099999999999996,0,9,50,,1,1,0
,0,11,46,,1,1,0
14.960000000000001,1,14,49,41,1,0,1
15.5,1,12,48,18,0,0,1
11,1,12,47,7,0,0,1
16.129999999999999,1,13,46,38,1,0,1
15,1,12,45,9,0,0,1
,1,12,49,28,0,0,1
20.829999999999998,0,15,50,20,1,0,1
12.4,1,18,50,49,1,0,1
10,1,15,46,40,1,0,1
25.199999999999999,0,12,45,46,0,0,1
38,0,14,50,46,0,0,1
5,0,12,47,1,0,0,1
12,1,12,49,4,0,0,1
29,1,10,52,6,0,0,1
,1,8,49,1,0,0,1
,1,12,49,,0,0,1
37.5,0,15,49,36,0,0,1
8.8399999999999999,0,15,49,13,1,0,1
,1,12,53,10,0,0,1
29.059999999999999,0,12,49,13,0,0,1
,1,12,52,13,0,0,1
,1,6,51,,0,0,1
14.24,0,9,51,7,0,0,1
,0,12,49,4,0,0,1
23.059999999999999,1,12,48,8,0,0,1
16.75,1,12,51,33,1,0,1
11.449999999999999,0,16,52,20,0,0,1
20.760000000000002,1,12,52,9,0,0,1
22.109999999999999,1,12,51,6,0,0,1
28,1,12,46,28,0,0,1
14.5,1,12,45,6,1,0,1
8.5999999999999996,1,12,47,34,1,0,1
14.880000000000001,1,12,49,34,0,0,1
,0,12,46,2,1,0,1
22.829999999999998,0,12,50,31,1,0,1
11.25,0,10,50,12,0,0,1
14.779999999999999,0,12,48,1,0,0,1
13.460000000000001,1,15,47,25,0,0,1
,1,12,45,8,1,0,1
9.6099999999999994,1,16,51,7,1,0,1
,1,12,50,1,0,0,1
,1,12,52,13,1,0,1
,0,14,50,15,1,0,1
4.6500000000000004,1,12,47,5,0,0,1
10.470000000000001,1,12,46,6,0,0,1
14.42,1,16,47,36,1,0,1
7.4500000000000002,0,12,48,4,1,0,1
,0,8,47,14,1,0,1
21.5,0,12,49,20,1,0,1
,1,12,47,2,1,0,1
8.0999999999999996,0,12,46,2,0,0,1
13.5,1,12,47,4,0,0,1
0.56999999999999995,1,12,49,4,1,0,1
,1,12,49,5,0,0,1
27.77,1,15,48,59,0,0,1
13.33,1,12,45,6,1,0,1
,1,12,47,16,0,0,1
17,1,14,45,49,0,0,1
8.5,0,12,45,8,0,0,1
6.2000000000000002,1,16,49,74,0,0,1
,0,8,51,9,1,0,1
7.5,1,12,46,32,1,0,1
16.18,1,14,51,23,1,0,1
19.23,0,12,48,12,0,0,1
18.699999999999999,1,15,47,35,1,0,1
5.7800000000000002,1,12,48,4,0,0,1
15,1,13,49,8,0,0,1
10.15,0,12,45,13,1,0,1
,1,12,45,6,0,0,1
3.75,0,12,52,1,1,0,1
24.030000000000001,0,14,50,47,0,0,1
,0,9,45,6,0,0,1
,0,12,49,13,0,0,1
12.449999999999999,0,9,50,5,1,0,1
12,1,12,48,5,1,0,1
,0,12,47,6,0,0,1
0.56999999999999995,0,17,49,31,0,0,1
15,0,14,48,41,1,0,1
10,0,12,45,5,0,0,1
,0,11,52,8,0,0,1
17.5,0,14,50,21,1,0,1
,0,12,48,11,0,0,1
15.5,0,15,46,5,0,0,1
10.25,1,10,51,8,0,0,1
49.030000000000001,1,17,47,46,0,0,1
11.42,1,14,46,19,1,0,1
7.25,1,9,50,1,1,0,1
,1,12,45,11,1,0,1
14.279999999999999,0,20,51,28,0,0,1
8,0,12,48,8,1,0,1
9.3499999999999996,1,12,45,8,1,0,1
18.91,0,12,48,8,0,0,1
15.800000000000001,0,15,46,14,0,0,1
17.109999999999999,1,16,48,11,1,0,1
10,0,12,45,34,0,0,1
30.68,0,14,49,35,1,0,1
10.58,0,12,47,24,0,0,1
18.75,1,15,51,59,1,0,1
8,0,14,50,13,0,0,1
15.92,0,17,52,75,1,1,0
,0,12,47,53,1,1,0
,0,12,49,5,1,0,1
13.25,0,11,48,14,1,0,1
19.920000000000002,0,12,48,35,1,1,0
7.5,0,12,52,23,1,0,1
,0,12,47,2,0,0,1
1.53,0,12,50,15,1,0,1
,1,12,49,26,1,0,1
17.5,1,12,50,10,1,0,1
13,1,12,48,46,0,0,1
37.390000000000001,0,14,49,20,0,0,1
22.5,0,12,49,16,0,0,1
,0,12,47,12,1,0,1
18.75,0,15,45,17,1,0,1
11.65,1,12,52,11,0,0,1
,0,17,51,52,1,0,1
22.5,1,15,49,45,0,0,1
24.829999999999998,0,14,51,51,0,0,1
7.5,0,14,52,37,0,0,1
,0,14,46,52,1,0,1
16.75,1,12,51,17,0,0,1
11.66,1,13,49,24,0,0,1
8.2400000000000002,1,13,48,3,1,0,1
12.82,1,16,45,8,1,0,1
8.3300000000000001,0,9,50,8,1,1,0
,1,12,46,30,0,0,1
12,0,12,52,22,1,1,0
,0,11,49,12,1,1,0
20.390000000000001,0,12,47,43,1,1,0
17.75,0,12,49,4,0,0,1
19.350000000000001,0,13,48,15,1,0,1
18.5,1,16,45,47,1,1,0
17,1,12,48,86,0,0,1
,1,12,50,11,0,1,0
11,1,14,48,11,1,1,0
14,1,12,46,18,1,1,0
115.38,0,18,47,56,0,0,1
,1,14,50,35,1,1,0
28.300000000000001,1,12,47,20,1,1,0
14.42,0,12,52,,0,1,0
12,1,14,49,18,1,1,0
8.1300000000000008,1,13,49,32,1,1,0
60.090000000000003,1,15,48,58,0,1,0
43,1,12,46,13,0,1,0
43.490000000000002,1,15,47,34,0,1,0
13.35,0,12,53,1,1,1,0
,1,11,50,1,1,1,0
13.550000000000001,1,12,52,17,1,0,1
7.9000000000000004,1,8,46,6,1,1,0
13.5,0,12,49,1,0,1,0
15.550000000000001,1,12,47,1,1,1,0
,1,14,50,38,0,0,1
,1,9,49,4,0,0,1
14.4,1,12,47,18,1,0,1
17.5,0,12,49,12,0,1,0
,0,8,46,1,0,1,0
24.260000000000002,1,16,49,19,1,1,0
14.25,1,10,47,3,0,0,1
17.760000000000002,0,13,53,18,1,0,1
,0,12,49,19,0,0,1
,1,8,45,,0,1,0
,0,8,48,,0,1,0
,0,12,47,3,0,1,0
10,0,13,45,1,0,1,0
,1,9,45,2,0,1,0
36.75,1,14,46,24,0,0,1
8,1,11,47,6,0,1,0
20.239999999999998,1,16,47,94,1,0,1
16.34,1,12,51,48,0,0,1
14,1,11,48,17,0,0,1
19.800000000000001,1,14,51,43,0,0,1
15.57,0,16,48,20,0,0,1
35,0,15,49,45,0,0,1
16,0,12,46,2,0,0,1
38.090000000000003,0,17,46,31,1,0,1
,0,12,47,5,0,0,1
,0,12,46,16,0,0,1
10.550000000000001,1,14,47,17,1,1,0
,1,14,46,14,0,1,0
31,1,14,47,22,1,0,1
14.5,1,12,48,11,0,0,1
31.75,0,13,52,46,1,0,1
38.460000000000001,0,14,49,52,1,0,1
24.719999999999999,0,12,48,43,0,0,1
7.21,0,12,47,4,0,1,0
26.440000000000001,0,17,52,65,1,0,1
26.440000000000001,0,13,50,26,1,0,1
,0,12,51,11,1,0,1
10.5,0,12,50,26,0,0,1
12,0,12,47,20,0,0,1
10.75,0,12,46,9,1,0,1
30.199999999999999,1,15,50,20,1,0,1
14.470000000000001,1,17,47,16,1,0,1
23.25,0,20,52,83,0,1,0
,1,16,52,,1,0,1
28.02,1,14,53,46,1,0,1
10,1,12,49,,1,1,0
17.489999999999998,1,10,49,15,0,1,0
,0,13,49,1,1,1,0
21,0,16,51,32,1,1,0
21.149999999999999,0,14,46,34,0,1,0
18,0,13,50,46,1,1,0
30.039999999999999,0,16,47,63,1,1,0
14.279999999999999,1,12,46,3,0,0,1
34.609999999999999,1,12,46,3,0,1,0
,1,17,51,27,1,1,0
17.300000000000001,1,13,46,12,1,1,0
18.120000000000001,1,14,50,60,1,0,1
,1,10,49,4,0,0,1
11.619999999999999,1,14,49,40,1,1,0
31.25,1,12,46,17,1,1,0
,0,12,46,6,0,1,0
26.699999999999999,0,16,50,53,0,0,1
,0,3,53,1,1,1,0
,1,20,48,60,0,1,0
,1,12,46,14,0,1,0
,0,15,46,39,1,1,0
25.5,1,14,52,50,1,1,0
8.2400000000000002,0,5,52,1,1,1,0
,1,11,50,11,1,1,0
9.5,1,12,48,5,1,1,0
21.100000000000001,1,12,48,12,0,1,0
23.5,1,12,47,18,0,1,0
13.73,1,12,46,5,1,1,0
60.090000000000003,0,18,46,88,0,1,0
77.510000000000005,1,12,52,10,0,0,1
12.800000000000001,1,12,50,1,0,0,1
9.75,1,14,51,17,1,0,1
,1,12,51,1,0,0,1
8.3699999999999992,1,13,48,2,1,0,1
18.739999999999998,0,12,52,,1,1,0
28.07,0,20,52,31,1,0,1
15,1,9,50,,0,0,1
12,1,12,49,11,1,0,1
13.890000000000001,1,13,47,16,0,0,1
14.42,1,16,53,99,1,1,0
12.01,0,13,53,18,1,0,1
,0,17,53,96,0,0,1
31.41,0,16,50,91,0,0,1
26.440000000000001,0,18,52,94,0,1,0
41.880000000000003,0,16,52,51,1,0,1
36.530000000000001,0,14,49,52,0,0,1
21.530000000000001,0,16,46,18,1,0,1
38.460000000000001,0,13,50,11,0,1,0
69.709999999999994,0,16,45,38,0,1,0
32.049999999999997,0,16,52,26,0,1,0
,1,12,49,4,1,0,1
,1,9,47,4,1,1,0
5.8099999999999996,1,12,49,,0,1,0
,0,8,46,8,0,1,0
16.48,0,12,45,9,0,0,1
,1,14,49,39,1,0,1
,0,14,47,29,0,0,1
12.98,1,17,45,29,0,0,1
11.130000000000001,0,12,50,18,1,0,1
30.760000000000002,0,15,52,56,1,0,1
8.1300000000000008,1,12,51,15,1,1,0
14.5,1,12,50,8,0,1,0
10.91,1,12,48,31,1,1,0
16.149999999999999,1,12,46,10,0,1,0
26.899999999999999,0,14,52,22,1,1,0
8.5,1,12,52,8,0,0,1
18.859999999999999,0,15,49,67,1,0,1
9.25,0,12,50,36,1,0,1
34.090000000000003,1,14,46,39,0,0,1
23,1,12,45,17,1,0,1
,0,12,46,,1,1,0
10.33,0,12,51,54,1,1,0
14.869999999999999,1,12,52,20,1,0,1
,1,16,51,9,1,0,1
8,1,15,49,38,1,0,1
,0,4,52,2,1,1,0
35,1,14,50,33,1,1,0
30,1,12,48,4,0,1,0
19.23,1,12,45,9,1,1,0
,1,13,45,12,1,0,1
26.920000000000002,0,13,52,19,1,0,1
,1,10,48,2,1,1,0
,1,9,47,1,0,1,0
16,1,9,46,1,0,1,0
11,0,12,50,19,0,1,0
11.15,0,13,47,17,1,1,0
11.57,1,12,46,14,1,0,1
53.549999999999997,1,16,50,77,0,0,1
32.549999999999997,1,16,52,69,1,0,1
25.640000000000001,0,12,45,22,0,1,0
3.2000000000000002,1,11,49,42,0,1,0
18,1,13,51,28,0,0,1
,1,11,49,19,0,0,1
130.22999999999999,0,14,50,26,1,0,1
,1,12,51,26,0,0,1
,1,12,50,11,1,0,1
30,0,14,51,20,1,0,1
,0,12,49,2,1,0,1
,0,12,47,1,1,0,1
12.31,0,14,45,30,1,0,1
,0,12,52,8,0,0,1
19.23,0,13,49,12,0,0,1
,0,14,50,3,1,0,1
,0,12,47,26,1,0,1
15,0,14,46,11,0,0,1
17.300000000000001,0,12,51,37,0,0,1
,0,16,50,,0,0,1
22.109999999999999,0,16,46,49,0,0,1
,1,12,46,11,0,0,1
25,0,12,50,32,1,1,0
15,0,12,52,,1,1,0
23.550000000000001,0,14,46,64,1,1,0
12.300000000000001,0,13,48,47,1,1,0
15.699999999999999,0,12,46,26,1,1,0
46.509999999999998,0,17,45,37,0,1,0
30,1,14,50,81,1,0,1
6.1600000000000001,0,11,52,1,0,0,1
16.25,1,12,48,16,0,0,1
6.25,1,12,49,31,0,0,1
7.25,1,12,49,24,1,0,1
22.77,1,13,52,45,1,1,0
,1,13,50,,1,1,0
7.25,0,12,50,,0,0,1
16,0,12,51,91,0,1,0
26,1,12,51,65,0,1,0
,0,14,50,47,1,1,0
13.529999999999999,0,12,48,1,0,1,0
17.469999999999999,0,14,49,42,1,0,1
16,1,14,45,54,1,0,1
38.329999999999998,0,12,46,64,0,0,1
23.25,0,16,50,24,1,1,0
43.259999999999998,0,20,49,63,0,1,0
,0,14,48,12,0,1,0
38,0,16,48,32,1,0,1
9.4600000000000009,0,12,49,49,1,1,0
,0,12,50,14,0,1,0
7.21,0,13,51,27,1,1,0
19.23,0,12,49,,0,1,0
20.829999999999998,0,12,47,37,0,1,0
,1,10,50,19,1,1,0
25.960000000000001,0,12,47,57,0,1,0
16.620000000000001,1,12,46,16,1,1,0
13,0,14,48,5,1,1,0
22.59,0,13,52,63,1,1,0
22.109999999999999,0,13,50,38,1,1,0
26.699999999999999,0,15,46,42,1,1,0
21.73,0,17,51,32,1,1,0
78.030000000000001,0,17,49,99,0,1,0
21.190000000000001,1,16,48,58,0,0,1
,1,16,50,32,1,0,1
44.710000000000001,1,12,47,,0,0,1
19.23,1,13,47,35,1,0,1
18.91,0,19,51,42,1,0,1
14.42,0,16,47,45,0,0,1
20,1,14,47,31,0,0,1
14.529999999999999,0,13,46,6,1,0,1
,0,12,49,4,0,0,1
,0,12,50,18,0,0,1
1.9199999999999999,0,12,52,34,0,0,1
5.5499999999999998,0,13,47,14,1,0,1
,0,12,45,3,0,0,1
9,0,12,46,14,1,0,1
15,1,12,48,4,0,0,1
,0,12,46,13,0,0,1
80.519999999999996,0,20,51,97,0,0,1
10.57,1,18,52,38,1,0,1
52.079999999999998,0,19,51,56,1,0,1
,1,15,48,14,1,0,1
22.109999999999999,0,16,53,82,0,0,1
37.799999999999997,1,17,52,76,1,0,1
,1,9,49,4,1,1,0
,1,12,51,10,1,0,1
21,1,13,48,12,1,0,1
,0,14,47,15,1,0,1
16.82,1,16,45,15,1,0,1
13,1,12,48,6,0,0,1
17.75,1,12,46,44,0,0,1
21.25,0,12,45,12,0,1,0
7.6900000000000004,0,12,52,35,0,0,1
,0,15,49,13,1,0,1
6.4100000000000001,0,12,50,1,0,0,1
,1,14,52,,1,0,1
16.02,1,8,46,6,0,1,0
11,0,12,48,57,1,1,0
2.8799999999999999,0,12,47,11,0,1,0
15.529999999999999,0,12,50,17,0,1,0
33.170000000000002,0,14,49,70,0,1,0
20.670000000000002,0,12,50,8,1,1,0
14,0,11,48,20,0,1,0
27.350000000000001,0,13,45,31,1,1,0
13.779999999999999,0,16,50,52,0,1,0
28.66,0,13,46,84,0,1,0
42.850000000000001,1,12,47,46,1,1,0
9.0399999999999991,1,12,45,25,1,1,0
13.33,0,12,49,26,1,1,0
8.75,0,12,49,22,0,1,0
11.039999999999999,1,12,52,16,1,1,0
10,0,17,51,4,0,1,0
21.5,1,12,45,12,0,1,0
9.6099999999999994,0,10,49,7,0,1,0
11.5,0,9,47,3,0,1,0
10.25,0,12,50,12,1,1,0
27.420000000000002,0,20,48,60,1,1,0
30.039999999999999,0,13,45,32,0,1,0
16,1,14,51,28,0,0,1
32.960000000000001,1,19,48,21,1,0,1
28.48,1,12,48,11,0,0,1
,1,15,46,8,1,0,1
,1,9,47,,1,1,0
17.539999999999999,1,12,49,65,0,1,0
,0,15,46,23,1,1,0
8,1,16,51,24,1,1,0
16.199999999999999,1,13,45,5,0,1,0
,1,12,47,13,0,1,0
19.23,0,14,51,60,1,1,0
10.449999999999999,0,16,48,25,1,1,0
18.260000000000002,0,17,47,27,1,1,0
,0,12,46,7,0,1,0
,0,12,50,3,0,1,0
18,0,13,48,19,1,1,0
,1,12,50,3,1,1,0
38.460000000000001,1,19,46,27,0,1,0
,1,12,46,6,1,1,0
11.25,0,12,45,13,1,1,0
,0,10,48,4,0,1,0
10,1,12,47,16,0,1,0
,1,14,45,37,1,1,0
10.58,0,12,50,26,1,1,0
10,0,12,49,27,0,1,0
11.85,0,14,47,10,1,1,0
41.200000000000003,0,12,46,46,1,1,0
,1,10,46,11,1,1,0
,1,12,48,62,0,1,0
12,1,12,50,,0,1,0
10,0,12,45,38,1,1,0
24.370000000000001,1,13,50,50,1,0,1
37.5,1,18,48,34,1,0,1
33.219999999999999,0,16,46,42,0,0,1
,1,12,45,1,1,0,1
,0,11,47,3,0,1,0
21.739999999999998,0,13,53,95,0,1,0
19.23,0,12,48,10,1,0,1
21.149999999999999,1,16,47,32,0,0,1
11.529999999999999,0,13,46,18,0,0,1
41.340000000000003,1,15,50,57,0,1,0
1.9199999999999999,0,12,50,23,0,1,0
4.2300000000000004,0,12,45,6,0,1,0
21.629999999999999,0,12,50,22,1,1,0
13,1,9,47,,0,1,0
9.8800000000000008,1,13,46,20,1,1,0
14.42,0,14,51,50,0,0,1
16.25,0,13,50,19,1,1,0
27.079999999999998,0,17,51,76,1,1,0
27.239999999999998,0,16,47,68,1,1,0
8,0,15,51,51,0,1,0
12,0,11,49,22,0,1,0
26,0,12,49,64,0,1,0
,0,11,45,4,1,1,0
5.8099999999999996,1,12,47,20,0,1,0
13.91,0,12,50,18,1,1,0
20,0,11,45,22,0,1,0
23.07,0,6,52,1,0,1,0
13.07,0,6,47,,1,1,0
11.619999999999999,0,12,47,1,0,1,0
8,1,12,50,25,1,1,0
,0,13,52,20,1,1,0
13.220000000000001,0,12,46,21,1,1,0
17.899999999999999,0,12,51,30,1,1,0
27.010000000000002,1,14,49,17,0,0,1
36.329999999999998,1,14,47,32,0,0,1
29.859999999999999,0,12,47,73,0,1,0
20.670000000000002,0,20,45,66,0,1,0
24.25,0,14,48,86,1,1,0
30.850000000000001,1,12,50,41,0,1,0
16.359999999999999,0,12,51,,0,1,0
,0,13,48,29,1,1,0
11.5,0,16,51,38,1,1,0
16.390000000000001,0,9,53,4,1,1,0
1.8700000000000001,0,11,50,11,1,1,0
6.5099999999999998,1,6,53,2,1,1,0
9.6099999999999994,0,12,53,12,1,1,0
3.5699999999999998,0,12,48,13,0,0,1
11,0,14,46,12,1,0,1
8.8399999999999999,0,12,46,7,0,0,1
,0,11,46,6,1,1,0
13.4,0,12,48,3,1,1,0
24,0,12,45,1,0,1,0
32.689999999999998,0,13,47,48,0,1,0
,0,9,50,20,0,1,0
21,0,12,49,8,0,1,0
8.3699999999999992,0,6,51,1,1,1,0
9.1999999999999993,0,8,51,6,1,1,0
51.640000000000001,1,12,48,49,0,1,0
,1,13,49,16,1,0,1
,1,13,51,59,0,0,1
10,0,12,49,4,1,1,0
,0,9,45,3,1,1,0
6.25,0,9,47,2,0,1,0
21.629999999999999,0,12,46,1,0,1,0
10.41,0,12,51,13,1,1,0
23,0,14,49,11,1,1,0
19.710000000000001,0,13,46,8,1,1,0
18.370000000000001,0,12,46,38,0,1,0
,1,12,49,14,0,0,1
,0,12,51,24,1,0,1
40.859999999999999,0,16,51,64,1,1,0
,1,13,50,27,0,1,0
,1,12,50,3,0,1,0
14.529999999999999,0,16,45,24,1,1,0
16.859999999999999,1,12,45,36,1,1,0
,1,7,51,1,0,0,1
11.869999999999999,0,11,48,1,0,0,1
,1,12,45,55,0,1,0
29.829999999999998,1,12,45,25,1,1,0
27.469999999999999,1,12,46,38,0,1,0
31.25,0,12,52,,0,1,0
55.119999999999997,0,16,51,52,0,1,0
24.109999999999999,0,14,49,34,1,1,0
36.439999999999998,0,15,52,79,1,1,0
33.719999999999999,0,14,49,66,0,1,0
16.66,1,20,46,66,1,0,1
12.9,0,12,53,6,0,1,0
13.300000000000001,0,3,49,,0,1,0
18.600000000000001,0,12,49,24,1,1,0
,1,10,46,2,0,1,0
10.449999999999999,0,6,47,3,1,1,0
22.43,0,8,49,1,0,1,0
,0,12,52,24,0,1,0
20,1,14,49,16,1,1,0
9,0,12,50,5,0,1,0
10.460000000000001,0,12,48,2,0,1,0
,0,9,45,9,1,1,0
11.25,0,3,53,9,1,1,0
11.300000000000001,0,12,47,3,1,1,0
192.30000000000001,1,15,52,53,1,1,0
19.23,0,14,50,24,1,1,0
9.75,1,12,50,16,1,1,0
6.2000000000000002,1,12,52,,0,1,0
,0,15,46,26,1,0,1
9.6099999999999994,0,9,51,4,1,1,0
16.920000000000002,0,12,45,11,0,1,0
29.149999999999999,0,14,52,60,1,1,0
35.130000000000003,0,16,46,30,1,1,0
,0,12,50,28,1,1,0
17.300000000000001,0,14,48,32,0,1,0
,0,12,50,11,0,1,0
10.43,0,12,49,7,1,1,0
30.280000000000001,0,12,49,45,0,1,0
18,0,12,47,51,0,1,0
17.440000000000001,0,14,47,25,0,1,0
26,0,12,45,41,0,1,0
,0,8,52,1,0,1,0
12.85,0,8,47,4,1,1,0
7.5,0,8,45,4,1,1,0
7.7599999999999998,0,12,47,2,0,1,0
,0,12,46,11,0,1,0
13.5,0,12,47,30,1,1,0
20,0,14,45,21,0,1,0
15.720000000000001,0,14,45,34,1,1,0
15.43,0,14,53,12,0,0,1
16.48,0,12,47,8,0,0,1
,1,12,52,2,1,0,1
,1,12,52,27,1,0,1
7.5,1,9,49,4,1,0,1
35.57,1,15,46,25,0,0,1
7.5999999999999996,1,12,48,12,0,0,1
12.9,1,12,49,8,1,0,1
44.710000000000001,0,18,47,91,0,1,0
2.5600000000000001,1,12,52,9,1,0,1
12,1,14,51,16,1,0,1
15,0,16,52,27,0,0,1
25.579999999999998,0,16,50,18,1,0,1
12.5,0,12,47,6,0,0,1
7.25,1,11,48,9,1,0,1
8.0600000000000005,1,12,50,8,1,0,1
9.25,1,13,48,35,1,0,1
,0,12,46,6,0,0,1
9,1,12,47,7,1,0,1
11,1,17,49,13,0,0,1
10.09,1,14,48,10,1,0,1
10.890000000000001,1,13,47,20,0,0,1
6.8700000000000001,1,10,50,6,1,0,1
,1,12,49,16,0,0,1
23.07,1,16,50,64,1,0,1
17.780000000000001,1,16,47,12,0,0,1
21.600000000000001,0,12,49,12,0,0,1
,0,10,50,3,0,0,1
26.920000000000002,1,15,48,8,0,0,1
12.08,0,12,45,16,1,0,1
15.949999999999999,0,9,50,3,0,0,1
31.25,0,18,47,60,0,0,1
13,1,12,45,13,1,0,1
,0,8,49,2,0,0,1
15,1,12,52,12,1,0,1
,0,12,50,3,0,0,1
12.81,0,12,51,53,1,0,1
,0,12,52,44,0,0,1
8.5,0,12,48,26,0,0,1
,0,12,47,24,0,0,1
14,0,13,47,62,0,0,1
37.5,0,12,46,5,0,0,1
60,0,12,46,1,0,0,1
13,0,12,49,30,1,0,1
26.920000000000002,0,12,49,49,1,1,0
8.75,0,11,50,11,0,0,1
11,0,12,49,1,0,0,1
9,0,9,46,2,0,0,1
11.789999999999999,1,12,47,14,1,0,1
15.619999999999999,0,12,52,24,1,0,1
14.23,1,12,50,50,1,1,0
,1,11,50,1,1,0,1
45.700000000000003,0,13,52,46,1,1,0
17.440000000000001,1,14,47,75,0,0,1
16.25,1,11,46,9,0,0,1
17,0,12,48,21,0,0,1
1.1899999999999999,1,12,47,4,1,0,1
13.67,0,12,51,12,0,0,1
17.760000000000002,0,18,49,43,1,0,1
21.059999999999999,0,20,47,42,1,0,1
11,0,12,46,5,0,0,1
,0,12,52,4,0,0,1
15,0,11,50,8,0,0,1
2.6299999999999999,0,9,47,3,0,0,1
8,1,10,49,6,0,0,1
8,1,12,50,21,0,0,1
,1,13,48,17,1,0,1
,0,11,49,13,0,0,1
,1,15,49,54,1,1,0
12.380000000000001,1,16,51,89,1,1,0
20.25,0,14,49,32,1,0,1
32.75,0,16,49,49,0,0,1
,1,12,48,26,1,0,1
,0,16,51,6,1,0,1
45.399999999999999,0,12,47,20,1,0,1
28,1,12,46,10,1,0,1
,1,12,52,,0,0,1
11.140000000000001,1,12,52,1,1,0,1
10.449999999999999,0,6,50,2,1,1,0
36.899999999999999,0,16,48,38,1,1,0
31.629999999999999,0,12,46,51,1,1,0
24.539999999999999,1,17,45,26,0,1,0
25.640000000000001,0,20,48,34,1,1,0
,0,15,49,35,1,1,0
22.5,0,12,48,20,0,1,0
17.300000000000001,0,16,46,42,1,1,0
4.6699999999999999,1,16,46,26,1,0,1
,0,7,50,1,1,1,0
18.5,0,12,52,20,0,1,0
8.5,0,12,51,5,0,0,1
11.25,0,12,52,3,0,0,1
20.300000000000001,1,12,47,4,1,0,1
10,0,12,46,3,0,0,1
10.25,1,9,46,7,0,0,1
17.300000000000001,1,12,45,2,0,0,1
144.22999999999999,1,16,47,21,1,0,1
9.0899999999999999,1,8,45,1,0,0,1
10.5,1,12,52,2,1,0,1
7.25,1,12,47,4,1,0,1
13.75,1,12,46,5,0,0,1
,0,12,48,1,1,0,1
10.65,1,15,47,13,1,0,1
14.42,1,12,47,20,1,0,1
,0,12,47,6,0,0,1
15.380000000000001,1,12,46,4,0,0,1
34.880000000000003,1,12,45,25,0,0,1
17.25,1,13,47,13,1,0,1
,1,16,48,65,0,0,1
12.5,0,13,53,,1,1,0
11.5,1,14,51,,1,1,0
25.960000000000001,0,13,47,51,0,0,1
45.189999999999998,1,14,49,90,0,0,1
,0,20,47,18,1,0,1
20.34,0,12,51,9,0,1,0
,0,12,48,6,1,1,0
,1,11,50,,1,0,1
9.7200000000000006,0,12,45,1,1,0,1
22.59,1,13,51,,1,1,0
28.57,1,12,47,,1,1,0
24.719999999999999,1,20,50,13,1,1,0
27.010000000000002,1,18,46,30,1,0,1
29.050000000000001,1,12,48,43,1,0,1
32.049999999999997,0,16,46,73,0,1,0
,1,6,52,3,1,1,0
,1,12,49,11,0,1,0
2.8799999999999999,1,12,48,9,0,1,0
11.66,0,12,52,19,0,0,1
15,1,7,47,4,0,0,1
17.800000000000001,0,8,48,9,0,1,0
18.079999999999998,0,13,48,48,1,1,0
22.670000000000002,0,20,46,60,1,1,0
23.460000000000001,1,14,50,,0,0,1
,1,11,45,8,0,0,1
,1,14,47,21,1,0,1
13.35,1,12,52,9,0,0,1
,1,11,50,8,0,0,1
19.710000000000001,1,14,50,11,0,0,1
10.6,0,19,48,38,0,0,1
18.260000000000002,1,12,49,37,1,1,0
,0,14,51,23,1,1,0
,0,13,50,14,1,1,0
,0,12,47,1,0,1,0
23.07,0,12,45,3,0,1,0
9.9499999999999993,0,12,45,2,0,0,1
10,0,13,51,19,1,0,1
1.8899999999999999,0,9,48,4,0,0,1
,1,12,53,58,0,0,1
10,0,12,53,20,1,1,0
9,1,13,48,45,0,0,1
,1,12,46,18,0,0,1
13.01,0,11,47,14,1,1,0
13.949999999999999,0,13,46,27,1,1,0
10,0,16,45,47,1,1,0
41.729999999999997,1,16,48,65,0,1,0
26,1,17,51,32,1,1,0
1.3700000000000001,0,12,53,,1,1,0
10.630000000000001,1,13,50,38,1,0,1
2.2999999999999998,1,12,48,5,0,0,1
40.289999999999999,0,15,47,35,0,0,1
12.6,0,13,49,4,0,0,1
16.25,0,15,49,28,1,1,0
25.48,0,17,51,,0,0,1
17.300000000000001,1,14,50,56,0,0,1
19.23,1,15,48,36,0,0,1
11.08,1,12,45,24,1,1,0
10.720000000000001,1,12,48,38,1,1,0
23,0,12,45,8,0,1,0
35,1,12,52,50,1,1,0
10,0,12,50,57,1,1,0
18.600000000000001,1,12,47,13,0,0,1
28.84,1,12,47,23,0,0,1
,1,12,49,5,1,0,1
,1,14,47,28,0,1,0
19.18,0,12,46,44,0,1,0
7.6900000000000004,0,12,52,24,1,1,0
45.189999999999998,0,15,52,57,0,1,0
52.32,0,12,50,36,0,1,0
27.039999999999999,0,12,48,25,1,1,0
16.609999999999999,0,16,49,,0,1,0
,1,10,50,7,1,1,0
12.5,0,13,49,38,1,1,0
,0,15,51,,0,1,0
20.190000000000001,1,13,49,34,1,1,0
12.199999999999999,1,17,45,14,1,1,0
17.600000000000001,0,11,45,37,1,1,0
14.81,0,4,50,,0,1,0
9.2300000000000004,0,4,51,,0,1,0
,0,6,49,1,1,1,0
14,0,6,50,6,0,1,0
,0,12,49,8,0,1,0
9.0800000000000001,0,12,47,14,1,1,0
,0,11,45,9,0,1,0
8,1,11,49,42,1,0,1
29.059999999999999,1,12,46,72,1,1,0
42,0,12,46,10,0,1,0
8,0,12,51,17,1,1,0
27,0,14,49,72,1,1,0
19.920000000000002,0,13,47,38,1,1,0
18.329999999999998,0,12,45,18,1,1,0
,1,11,49,9,1,1,0
21.350000000000001,1,11,48,45,0,1,0
15.85,1,14,47,56,0,1,0
13.75,1,13,45,19,1,1,0
17.5,1,13,46,21,1,1,0
4.4299999999999997,0,12,48,18,1,1,0
,0,9,47,4,1,1,0
13,1,11,48,14,0,1,0
24.41,1,14,46,9,0,1,0
87.200000000000003,1,18,49,38,1,0,1
,1,12,48,20,0,1,0
29.32,0,14,52,52,0,1,0
27.34,0,14,50,34,1,1,0
25,0,12,47,4,0,1,0
37.5,0,17,49,66,0,1,0
14,0,14,52,24,1,1,0
13.9,1,9,48,1,0,0,1
2,0,10,51,1,0,0,1
,1,16,45,15,1,1,0
12,0,12,50,3,1,1,0
7.25,0,10,48,1,0,1,0
10.6,1,12,49,13,1,0,1
6.9699999999999998,1,12,50,48,0,0,1
12.5,0,13,48,27,1,0,1
9.75,1,12,51,59,1,0,1
17.5,0,13,48,25,0,0,1
8.3699999999999992,0,15,50,48,0,0,1
9.3000000000000007,1,12,46,11,1,0,1
31.25,0,14,50,17,1,1,0
13.75,0,12,51,16,0,1,0
12.75,0,15,51,9,0,0,1
13.539999999999999,1,14,53,20,1,0,1
23.329999999999998,0,14,51,26,0,0,1
,0,13,53,27,0,1,0
30.760000000000002,1,12,50,24,0,0,1
7.3499999999999996,0,12,50,18,0,0,1
10.35,0,12,52,6,0,0,1
37.170000000000002,0,16,51,52,0,0,1
17,0,14,50,41,0,1,0
,1,13,52,20,0,0,1
13.949999999999999,1,13,49,9,0,0,0
,1,12,52,27,0,0,0
38.979999999999997,0,12,50,,0,0,1
33.649999999999999,0,15,49,68,0,0,0
6.9900000000000002,1,12,50,7,0,0,1
31.199999999999999,1,12,51,79,0,0,0
17.850000000000001,0,15,51,,0,0,1
,0,12,51,75,1,0,0
28.84,1,12,52,49,0,0,1
56.079999999999998,1,18,51,91,0,0,0
33.189999999999998,0,15,52,33,0,1,0
19.550000000000001,1,14,50,35,0,0,0
28,0,14,51,63,0,1,0
31.75,0,16,52,91,0,0,0
,1,16,50,91,0,0,0
23.82,0,12,49,46,0,0,0
43.490000000000002,0,14,50,67,0,0,0
,1,12,52,40,0,0,1
39.350000000000001,1,14,52,58,0,0,1
17.690000000000001,0,14,51,17,0,0,1
,0,12,51,,0,1,0
,1,14,53,68,0,0,1
23.550000000000001,0,12,50,77,1,0,0
16.02,0,16,52,84,1,1,0
9.8800000000000008,0,14,52,27,0,0,0
,0,12,50,,0,0,1
15.460000000000001,0,12,51,27,0,0,1
14.74,0,13,49,10,0,0,1
11,0,12,52,16,0,0,0
21.629999999999999,0,14,51,6,0,0,1
,1,16,52,50,0,1,0
,0,12,50,26,0,0,1
12.300000000000001,0,13,49,42,0,0,0
18.5,1,13,52,30,0,0,1
,0,19,50,63,0,0,1
10.52,1,12,52,14,0,0,1
10,1,12,52,15,0,0,0
1.1200000000000001,1,12,53,56,0,0,1
7.4400000000000004,1,12,50,27,0,0,1
27.379999999999999,0,14,50,39,0,1,0
9.3699999999999992,0,12,52,27,0,0,1
15,0,12,52,9,0,0,0
13.18,0,12,50,25,0,1,0
19.370000000000001,0,12,51,17,0,0,1
11,1,12,52,14,0,0,1
21.359999999999999,1,12,52,6,0,1,0
12.57,0,12,51,63,0,0,0
10,1,12,50,,0,0,1
4.6500000000000004,1,18,50,68,0,1,0
56.25,1,12,52,89,0,0,0
17.5,0,12,50,48,0,0,0
25.48,1,14,52,16,0,1,0
18.530000000000001,1,12,52,22,0,0,0
29.949999999999999,0,16,52,43,0,0,1
11.35,1,12,51,39,0,0,1
57.689999999999998,1,9,50,16,0,0,0
10,1,13,48,79,0,1,0
1.74,1,14,53,7,0,0,1
33.409999999999997,1,16,52,53,0,0,1
35.130000000000003,0,12,51,38,0,0,1
8.3200000000000003,1,12,52,25,0,0,1
,0,12,50,36,0,0,1
,1,9,51,8,0,1,0
,0,12,51,8,0,0,1
,0,12,50,8,0,0,0
15.41,0,12,50,47,0,1,0
15,1,13,51,,0,1,0
13,0,12,53,57,1,0,0
60,0,13,50,56,0,1,0
,0,12,52,35,0,1,0
32.689999999999998,0,14,52,65,0,0,0
19.690000000000001,1,12,50,24,0,0,0
,0,13,52,16,0,0,1
,0,16,52,49,1,0,1
38.460000000000001,1,13,53,19,0,1,0
6.9699999999999998,0,11,52,27,0,0,0
43.600000000000001,0,16,50,99,0,0,0
24.370000000000001,0,12,51,35,0,0,1
1.1499999999999999,0,12,50,,0,0,0
6.25,0,12,50,5,0,0,1
48.07,0,12,52,81,0,0,0
14.5,1,12,49,,0,0,0
27.84,1,14,49,,0,0,1
,1,20,51,97,0,0,0
28.84,0,18,52,94,0,0,0
,0,15,50,38,1,0,0
28.84,0,16,50,99,0,0,0
12.460000000000001,0,12,50,65,1,0,0
18.260000000000002,1,16,49,57,0,0,1
28.84,0,17,53,78,0,0,0
1.49,0,15,51,94,0,0,0
39.229999999999997,0,12,50,83,0,0,0
28.84,0,12,49,42,0,0,0
38.859999999999999,0,19,52,94,0,0,0
,0,16,51,75,0,1,0
57.689999999999998,0,20,52,75,0,0,1
14.01,1,14,50,73,0,0,0
1.9199999999999999,1,16,52,63,0,0,1
11.529999999999999,0,12,49,81,0,0,0
51.280000000000001,0,15,51,87,0,0,0
10.710000000000001,1,12,50,,0,1,0
38.460000000000001,0,17,50,70,0,0,0
43.259999999999998,1,12,51,50,0,0,0
12.5,1,12,52,52,0,0,0
11.5,0,12,53,46,0,0,0
47.109999999999999,0,20,51,59,0,0,1
12.93,0,12,51,,0,0,0
27,0,13,49,85,0,0,0
15.23,0,15,51,65,0,0,1
25.02,0,16,52,,0,0,1
56.079999999999998,1,14,52,93,0,0,0
12.98,0,12,52,76,0,0,0
19.350000000000001,0,14,50,30,0,0,0
30,1,14,51,29,0,1,0
11.5,0,12,50,44,0,0,0
27.690000000000001,1,16,50,,0,1,0
37.979999999999997,0,18,52,,0,0,0
10.5,0,12,51,25,0,0,0
18.760000000000002,0,14,51,,0,1,0
29.920000000000002,0,15,52,55,0,0,1
22.129999999999999,0,12,52,41,0,0,0
17,1,12,50,30,0,0,0
14.050000000000001,0,12,50,24,0,0,1
11,0,12,50,20,0,0,1
,0,12,51,64,0,0,0
36.18,0,12,51,45,0,0,0
17.09,0,12,50,53,0,0,0
36.850000000000001,0,16,52,93,0,0,0
13.220000000000001,0,12,52,56,0,0,0
,1,13,53,,0,0,1
23.68,1,12,52,49,0,0,0
48.350000000000001,0,14,50,78,0,0,0
24.469999999999999,1,14,51,58,0,1,0
,0,12,51,62,0,0,0
,0,11,51,40,0,0,0
,1,12,52,20,1,0,1
36.450000000000003,0,12,51,10,0,0,0
16.719999999999999,0,11,45,5,0,0,0
33.649999999999999,0,14,50,,1,0,0
,0,20,45,73,0,0,0
22.219999999999999,0,12,45,21,0,0,0
2.8100000000000001,0,12,47,,0,0,1
16.870000000000001,1,13,45,16,1,0,1
22.59,1,11,52,5,0,0,1
39.899999999999999,1,15,48,39,0,0,1
2.2999999999999998,0,12,48,2,1,0,1
8.75,1,14,46,12,1,0,1
,0,15,49,54,1,0,0
25,0,12,48,18,0,0,0
13.5,0,13,49,15,1,1,0
12.9,1,12,46,6,1,1,0
12.5,0,12,48,60,1,0,0
55.549999999999997,0,14,45,91,0,0,0
16,0,10,51,35,0,0,1
39.82,0,14,51,88,1,0,1
20,0,15,49,68,1,0,1
6.25,1,17,51,78,1,0,0
19.23,0,16,45,41,1,0,0
0.14999999999999999,1,13,45,38,1,0,0
22.760000000000002,0,12,48,17,1,0,0
24.23,0,12,48,22,1,1,0
22.890000000000001,0,12,46,29,1,1,0
25,0,10,49,19,1,0,0
16.02,0,13,47,32,0,0,0
67.060000000000002,0,16,45,53,0,0,0
12.43,0,12,48,65,1,0,0
,0,12,48,9,0,0,0
18.530000000000001,0,12,46,17,1,0,0
11.09,1,14,45,21,1,0,1
8,0,15,48,34,1,0,1
3.2000000000000002,0,12,52,32,1,0,0
,1,13,47,10,0,0,1
10.56,1,12,49,19,1,0,1
41.420000000000002,0,16,45,,0,0,0
31.850000000000001,0,13,45,31,0,0,0
33.07,0,12,45,23,1,0,0
,0,12,49,54,1,0,0
26.23,0,16,46,66,0,0,0
,0,12,52,1,0,0,0
7.7000000000000002,0,12,51,2,1,0,0
,0,12,50,4,1,0,0
18.550000000000001,0,12,48,6,1,0,0
,1,8,46,3,1,0,0
26.16,0,13,49,18,1,0,0
10.34,0,15,51,91,1,0,0
9.6099999999999994,1,12,52,26,0,0,0
9.4499999999999993,0,10,47,13,1,0,0
23.07,1,14,48,43,1,0,0
26,0,16,48,48,0,0,0
17.300000000000001,0,16,49,,0,0,0
57.689999999999998,0,16,46,42,0,0,0
25,1,12,46,1,0,0,1
,0,12,51,2,1,0,1
,0,12,50,8,1,0,1
9.3699999999999992,0,12,49,12,0,0,1
15,0,12,47,3,0,0,1
6.25,0,12,47,2,0,0,1
16.82,0,15,50,31,1,1,0
12,1,13,50,4,1,1,0
16.469999999999999,1,14,45,5,0,1,0
,0,9,51,12,1,0,0
11.619999999999999,0,16,50,57,1,0,0
,0,12,51,4,0,0,1
17.5,0,12,47,4,0,0,1
22,0,15,46,18,1,0,1
16.34,0,12,45,19,1,0,1
38.460000000000001,1,13,47,26,0,0,1
12.85,1,16,48,13,0,1,0
21.629999999999999,0,14,48,38,1,1,0
14.529999999999999,0,12,47,8,0,1,0
,0,12,49,51,1,0,0
13.699999999999999,0,16,48,42,1,0,1
15.32,0,12,46,11,0,0,1
12.69,1,8,46,16,1,0,0
33.25,0,15,46,49,1,0,0
18,1,16,50,75,1,0,1
,1,16,47,18,1,0,1
,0,13,51,,0,0,0
7.9699999999999998,1,12,52,53,1,0,0
,0,11,51,6,1,0,1
67,1,12,51,71,0,1,0
,1,9,50,39,1,1,0
48.159999999999997,0,14,48,71,0,0,0
,0,12,45,12,0,1,0
20.91,1,12,45,59,1,0,0
12.01,0,18,50,57,1,0,0
17.489999999999998,1,16,46,16,1,0,0
46.850000000000001,1,16,45,46,1,0,0
24.170000000000002,0,14,49,79,1,0,0
11.619999999999999,1,16,47,59,1,0,0
7.3200000000000003,1,15,46,71,1,0,0
14.529999999999999,0,14,48,90,0,0,0
36.82,0,14,50,35,1,0,0
25.640000000000001,0,14,52,74,1,0,0
37.759999999999998,0,12,46,68,0,0,0
,0,12,48,30,1,0,0
,0,12,46,20,1,0,0
12.300000000000001,0,12,45,27,1,0,0
10,0,12,49,57,1,0,0
22,0,12,46,28,0,0,0
14.789999999999999,0,16,53,81,1,0,0
10,0,12,50,49,0,1,0
,0,12,49,26,0,1,0
7.9000000000000004,0,11,45,23,1,1,0
,0,15,52,78,1,0,0
7.54,0,12,50,75,0,0,0
18.82,0,12,48,37,0,0,0
18,0,17,45,53,0,0,0
21.66,0,6,51,1,0,1,0
7.9000000000000004,0,12,52,4,1,1,0
,1,19,47,96,0,0,0
15.58,0,18,50,63,1,0,0
37.009999999999998,0,16,52,,0,0,1
33.649999999999999,0,16,50,89,1,0,0
,0,17,47,55,1,0,0
13.460000000000001,0,14,49,34,1,0,0
29.350000000000001,0,18,51,52,1,0,0
8.1999999999999993,0,11,49,5,1,1,0
20,0,10,49,6,0,1,0
62.5,1,16,50,91,1,0,0
12.5,0,12,51,65,0,0,0
15,0,12,49,,0,0,0
14,0,12,46,38,1,0,0
21.629999999999999,0,13,50,51,0,0,0
35.770000000000003,1,12,48,38,0,0,0
20.190000000000001,1,14,47,38,1,0,0
23.07,0,18,45,32,1,0,1
25,0,12,51,83,0,0,0
50.100000000000001,0,17,48,93,1,0,0
,0,16,46,82,1,0,0
117.20999999999999,0,16,47,70,0,0,0
11.15,0,14,48,36,1,0,0
22.850000000000001,0,13,50,98,0,0,0
21.399999999999999,0,12,48,85,0,0,0
20.609999999999999,0,12,47,83,0,0,0
,1,13,47,19,0,0,0
34.469999999999999,0,20,51,88,1,0,0
8.6999999999999993,1,12,50,9,1,0,0
23.75,0,16,51,28,1,0,1
,0,14,52,13,1,0,1
,0,12,50,8,1,0,1
50.329999999999998,0,12,49,13,0,0,1
19.23,0,12,46,12,1,0,1
48.07,0,16,51,47,0,0,1
21.359999999999999,0,20,48,19,0,0,1
,0,12,52,6,0,0,1
5,1,12,47,24,0,0,0
,0,13,45,22,0,0,0
21.129999999999999,0,12,46,30,0,0,0
10,1,9,49,,1,0,0
18,0,13,45,10,0,1,0
29.260000000000002,0,12,47,13,0,1,0
,0,12,49,67,1,1,0
17.940000000000001,0,12,46,17,1,0,0
7.5,0,12,48,11,1,0,1
,0,12,47,11,1,0,1
,0,9,46,2,0,0,1
66.439999999999998,0,16,49,72,1,0,0
28.34,0,12,47,50,0,0,0
20,0,17,48,22,0,0,1
96.150000000000006,0,16,46,70,0,0,0
,0,18,49,92,1,0,0
,0,15,50,28,1,0,0
,0,12,50,16,1,0,1
9.0399999999999991,0,12,51,21,1,1,0
88.879999999999995,0,15,51,26,0,1,0
55.030000000000001,0,20,48,36,0,1,0
11.529999999999999,1,12,49,,1,1,0
14.17,1,12,47,6,0,1,0
116.66,1,11,51,10,0,1,0
9,0,12,49,3,1,1,0
,1,12,47,1,1,1,0
,1,6,49,,0,1,0
7.25,1,16,49,58,1,0,0
,0,18,52,74,1,0,0
13.73,0,14,49,47,1,0,0
43.579999999999998,0,20,52,96,0,0,0
,0,15,46,51,0,0,1
17.539999999999999,1,12,47,42,1,0,1
6.4500000000000002,0,12,46,31,1,0,0
18.260000000000002,0,13,45,13,0,0,0
18.620000000000001,0,12,51,77,1,0,0
12.300000000000001,1,16,48,32,1,0,0
26.059999999999999,1,16,49,67,0,0,0
15,1,12,46,17,0,0,1
14,1,12,49,46,0,0,0
5,0,14,50,73,0,0,0
19.75,0,12,48,45,0,0,0
34.609999999999999,0,16,45,64,0,0,0
81.189999999999998,1,16,52,81,0,0,0
27.879999999999999,1,12,52,96,1,0,0
17.690000000000001,0,12,47,55,0,0,0
31.73,1,12,53,77,1,0,0
29.91,1,17,45,71,0,0,0
27.5,0,14,47,25,1,0,0
13.17,0,12,51,75,1,0,0
8.4199999999999999,0,13,50,,1,0,0
,0,12,47,63,0,0,0
16.489999999999998,0,12,46,9,1,0,0
27.239999999999998,0,16,48,83,1,0,0
19.23,0,13,49,68,1,0,0
7.6500000000000004,1,15,51,88,1,0,0
21.850000000000001,0,12,48,57,0,0,0
,0,17,45,19,0,0,0
16.149999999999999,0,12,47,16,0,0,0
15,0,12,46,10,1,0,0
17.399999999999999,0,18,48,35,0,0,0
20.829999999999998,0,20,52,97,0,0,0
,0,16,50,84,1,0,0
,1,14,47,29,1,0,0
25.640000000000001,0,16,52,91,1,0,0
14.01,0,12,50,58,0,0,0
15.5,1,15,50,72,0,0,0
,1,12,46,47,1,0,0
,0,12,47,62,1,0,0
24.989999999999998,1,13,52,82,1,0,0
21.649999999999999,0,13,49,10,1,1,0
128.19999999999999,0,20,50,97,0,0,0
25,0,10,48,37,0,0,0
,0,14,49,23,1,0,0
26.440000000000001,1,17,50,65,0,0,0
27.879999999999999,1,16,47,70,0,1,0
14.279999999999999,1,20,45,56,0,0,0
18.260000000000002,1,15,49,43,1,0,0
39.270000000000003,0,12,52,84,0,0,0
12.01,0,12,49,35,1,0,0
85.890000000000001,0,16,47,96,0,0,0
9.6099999999999994,0,12,52,55,1,0,0
28,0,12,51,58,0,0,0
17,1,12,48,57,0,0,0
8.1300000000000008,0,12,50,42,0,0,0
11.050000000000001,0,12,48,35,1,0,0
18.719999999999999,0,12,52,57,0,0,0
,1,12,49,15,1,0,0
10,1,12,48,32,1,0,0
18.75,0,16,49,88,0,0,0
18.370000000000001,0,20,45,55,0,0,0
17.899999999999999,0,12,46,42,0,0,0
,0,9,49,5,0,0,0
116.41,0,16,49,56,1,0,0
32.049999999999997,0,12,45,40,0,0,0
,0,12,46,26,1,0,0
23.25,0,12,47,32,1,0,0
28.84,0,14,48,67,1,1,0
16.82,0,20,45,55,1,0,0
17.77,1,12,47,54,0,0,0
37.009999999999998,0,20,49,80,0,0,0
50.479999999999997,0,16,48,51,0,1,0
20.050000000000001,0,12,47,15,0,1,0
21.670000000000002,0,15,52,66,1,0,0
60.43,0,18,49,,0,0,0
40.859999999999999,0,18,45,58,0,0,0
19.23,0,12,50,,0,0,0
12.960000000000001,1,14,49,43,1,0,0
44.869999999999997,0,16,45,30,0,0,0
24,0,16,46,,0,0,0
15.449999999999999,0,11,48,17,0,0,0
15.380000000000001,0,18,50,71,1,0,0
,0,12,50,69,1,0,0
33.649999999999999,0,16,46,71,0,0,0
,1,12,46,2,1,0,0
7.25,0,9,47,4,1,0,0
20.379999999999999,0,18,52,69,0,0,0
15,0,12,51,26,1,0,0
5.2000000000000002,0,13,51,35,1,0,0
35.5,1,8,52,22,0,0,0
3.3300000000000001,0,12,50,13,1,0,0
7.25,0,12,51,2,0,0,1
17.5,0,12,48,12,0,0,1
10.5,0,12,45,8,1,0,1
24.359999999999999,0,12,48,48,1,0,0
19.710000000000001,0,16,50,53,0,0,1
14.91,0,12,48,22,1,0,1
5.6500000000000004,0,12,52,1,0,0,1
4.9400000000000004,0,12,49,17,0,0,1
13,0,10,48,7,1,0,0
12.710000000000001,1,8,50,17,1,0,0
7.2999999999999998,0,15,49,40,1,0,0
14.35,0,13,47,29,1,0,0
20,0,12,46,17,0,0,0
,0,13,52,27,1,0,0
36.530000000000001,1,13,46,39,0,1,0
,0,12,50,16,1,1,0
31.25,1,12,46,10,0,1,0
22.52,1,12,45,12,0,1,0
11.33,1,11,47,17,1,0,1
,1,12,45,7,1,0,1
15.52,1,18,50,65,1,0,1
25.829999999999998,1,16,51,46,1,0,1
46.07,0,16,51,94,1,0,1
43.259999999999998,1,16,49,34,0,0,1
25,0,12,45,3,0,0,1
13.890000000000001,0,12,50,38,1,0,1
50.159999999999997,1,16,48,67,0,0,1
,1,8,46,2,1,0,1
11,0,12,46,10,1,1,0
,0,12,47,17,1,1,0
15.5,0,10,46,4,0,1,0
4.6500000000000004,0,16,48,59,0,1,0
31.25,0,15,51,30,1,1,0
28.57,0,16,48,57,0,0,1
21.5,0,12,46,9,0,0,1
,0,13,49,8,1,0,1
6.8899999999999997,0,12,47,1,0,0,1
11.529999999999999,0,13,48,21,1,0,1
15.57,0,12,48,25,0,0,1
,0,10,46,16,1,0,1
8.9499999999999993,1,15,52,8,1,0,1
2.7400000000000002,1,12,52,31,1,0,1
13,0,12,49,4,0,0,1
13.949999999999999,1,12,47,15,0,0,1
11.25,1,12,46,9,1,0,1
,1,10,48,14,0,1,0
17,1,5,51,1,0,1,0
66.099999999999994,0,18,48,96,0,1,0
27.550000000000001,0,17,49,30,1,0,1
13.300000000000001,0,12,46,25,1,0,1
23.07,0,12,49,13,1,0,1
11.699999999999999,0,10,52,4,0,0,1
,0,11,48,14,1,1,0
21.629999999999999,0,12,47,8,0,1,0
46.509999999999998,1,10,52,1,1,0,1
,1,12,48,2,0,0,1
,1,16,49,15,0,0,1
1.55,0,12,46,11,0,0,1
8,0,12,47,38,1,1,0
,1,12,52,3,0,0,1
9.5399999999999991,1,14,47,17,1,0,1
12.199999999999999,0,12,51,12,1,0,1
4.5099999999999998,0,18,52,72,1,0,1
13.710000000000001,0,14,47,21,1,0,1
19.23,1,13,49,46,0,0,1
32.960000000000001,1,18,49,32,0,0,1
44.869999999999997,0,16,50,81,0,0,1
58.859999999999999,0,18,47,87,0,0,1
,1,13,46,30,1,1,0
1.6799999999999999,1,12,52,27,0,0,1
,1,13,49,24,1,0,1
11.25,1,12,49,41,1,1,0
24,1,18,48,76,1,1,0
12.5,0,6,49,,0,1,0
14.57,0,9,52,1,0,0,1
14.720000000000001,0,12,47,21,1,0,1
10,1,11,50,4,1,0,1
13,0,10,52,1,1,0,1
12.92,0,15,47,5,0,0,1
6,0,12,51,1,1,0,1
25,0,14,50,59,1,0,1
8.5,0,12,50,12,1,0,1
15.380000000000001,1,13,52,46,0,0,1
8.5,0,12,52,13,0,0,1
8.5,0,12,52,71,0,0,1
19.23,1,15,51,62,0,0,1
3.29,1,16,51,19,0,0,1
27.969999999999999,0,13,52,,0,0,0
10,1,14,51,25,1,1,0
13,0,12,52,21,0,0,1
